Ep,n,Season,Series,Rating - Andy,Watch - Andy,Rating - Matt,Watch - Matt,MVC - Andy,MVC - Matt,Joint TNC Rating,IMDB (at time of listen),n_reviews,Other MVC,keywords,Director 1,Director 2,Writer 1,Writer 2,Writer 3,Teleplay 1,Teleplay 2,Teleplay 3,Teleplay 4,Teleplay 5,Viewers,star_date,trek_date,orig_air_date,pod_date,pod_dur,mailbag_dur,recap_dur,mailbag_prop,recap_prop,supplemental
Emissary,1,1,DS9,9.5,YES,6,YES,Kira,Kira,7.75,7.5,4309,,"Sisko, takes command, space station, wormhold",David Carson,,Rick Berman,Michael Piller,,Michael Piller,,,,,18.8,46379.1,19/5/2369,3/1/1993,26/7/2022,2:19:00,,2:19:00,0:00:00,0:00:00,
Past Prologue,3,1,DS9,6,YES,5,NEUTRAL ,Kira,Kira,5.5,7.1,2458,,"Bajoran, terrorist, asylum, Cardassian, mystery",Winrich Kolbe,,Kathryn Powers,,,Kathryn Powers,,,,,13.4,not known,not known,10/1/1993,5/8/2022,2:20:00,1:14:00,1:06:00,0.53,0.47,
A Man Alone,4,1,DS9,7,YES,6.5,YES,Bashir,Bashir,6.75,6.8,2371,,"criminal, murdered, Odo, prime suspect, Keiko",Paul Lynch,,Gerald Sanford,Michael Piller,,Michael Piller,,,,,13,46421.5,3/6/2369,17/1/1993,15/8/2022,1:55:00,0:50:00,1:05:00,0.43,0.57,
Babel,5,1,DS9,6,YES,6,YES,Kira,Kira,6,7,2333,,"plague, engineered, Bajorans, weapon, Cardassians",Paul Lynch,,Sally Caves,Ira Steven Behr,,Michael McGreevey,Naren Shankar,,,,11.6,46423.7,4/6/2369,24/1/1993,20/8/2022,1:48:00,0:46:00,1:02:00,0.43,0.57,
Captive Pursuit,6,1,DS9,7,YES,7.5,YES,O'Brien,O'Brien,7.25,7.6,2414,,"wormhole, Gamma quadrant, alien ship, O'Brien",Corey Allen,,Jill Sherman Donner,,,Jill Sherman Donner,Michael Piller,,,,12.9,46477.5,24/6/2369,31/1/1993,28/8/2022,1:50:00,0:46:00,1:04:00,0.42,0.58,
Q Less,7,1,DS9,6,YES,3,NO,Dax,Dax,4.5,6.7,2332,,"Q, Vash, travelling companion, harass",Paul Lynch,,Hannah Louise Shearer,,,Robert Hewitt Wolfe,,,,,12.8,46531.2,13/7/2369,7/2/1993,4/9/2022,2:09:00,0:40:00,1:29:00,0.31,0.69,
Dax,8,1,DS9,6,YES,7,YES,Anina,Odo,6.5,7.1,2290,Anina,"Dax, symbiont, host, Curzon, murder",David Carson,,Peter Allan Fields,,,D.C. Fontana,Peter Allan Fields,,,,12.1,46910.1,29/11/2369,14/2/1993,25/9/2022,2:16:00,0:57:30,1:18:30,0.42,0.58,
Passenger,9,1,DS9,7,YES,4,YES,Dax,Dax,5.5,6.3,2143,,"captured, criminal, possessed, Bashir",Paul Lynch,,Morgan Gendel,,,Morgan Gendel,Robert Hewitt Wolfe,Michael Piller,,,11.6,not known,not known,21/2/1993,8/10/2022,1:47:00,,1:47:00,0:00:00,0:00:00,
Move Along Home,10,1,DS9,1,YES,1,NO,Sisko,Jake,1,5.8,2360,,"Gamma quadrant, first contact, Quark, game",David Carson,,Michael Piller,,,Frederick Rappaport,Lisa Rich,Jeanne Carrigan-Fauci,,,11.4,not known,not known,14/3/1993,26/10/2022,1:35:00,0:38:00,0:57:00,0.4,0.6,
The Nagus,11,1,DS9,6,YES,6,YES,Jake,Odo,6,7,2169,,"Ferengi, Nagas Zek, Quark",David Livingston,,David Livingston,,,Ira Steven Behr,,,,,10.7,not known,not known,21/3/1993,10/11/2022,1:51:00,1:05:00,0:46:00,0.59,0.41,
Vortex,12,1,DS9,7.5,YES,4.5,NEUTRAL ,Bashir,Bashir,6,7,2129,,"Odo, origin, Changelings",Winrich Kolbe,,Sam Rolfe,,,Sam Rolfe,,,,,9.7,not known,not known,18/4/1993,8/12/2022,1:55:00,1:01:50,0:53:10,0.54,0.46,
Battlelines,13,1,DS9,7.5,YES,7,YES,O'Brien,O'Brien,7.25,6.6,2110,,"spiritual leader, Kai Opaka, wormhole, crash land, war",Paul Lynch,,Hilary J. Bader,,,Richard Danus,Evan Carlos Somers,,,,9.9,not known,not known,25/4/1993,21/1/2023,2:05:00,0:58:00,1:07:00,0.46,0.54,
The Storyteller,14,1,DS9,2.5,NEUTRAL ,3.5,NEUTRAL,Nog,Nog,3,6,2114,,"negotiation, Bajoran, factions, O'Brien, Bashir",David Livingston,,Kurt Michael Bensmiller,,,Kurt Michael Bensmiller,Ira Steven Behr,,,,9.3,46729.1,24/9/2369,2/5/1993,28/1/2023,1:38:00,0:39:00,0:59:00,0.4,0.6,
Progress,15,1,DS9,4,NO,3,NO,Kira,Kira,3.5,6.8,2118,,"Bajoran, farmer, Kira, uninhabitable, mining",Les Landau,,Peter Allan Fields,,,,,,,,9.2,46844.3,5/11/2369,9/5/1993,11/2/2023,2:09:00,1:05:00,1:04:00,0.5,0.5,
If Wishes Were Horses,16,1,DS9,4,NO,4,NO,Sisko,Sisko,4,6.4,2071,,"Dax, energy reading, imagination, dangerous, chaos",Robert Legato,,Nell McCue Crawford,William L. Crawford,,Nell McCue Crawford,William L. Crawford,Michael Piller,,,9,46853.2,8/11/2369,16/5/1993,24/2/2023,2:28:00,1:07:00,1:21:00,0.45,0.55,
The Forsaken,17,1,DS9,7,YES,4,NO,O'Brien,O'Brien,5.5,6.9,2031,,"Lwaxana, Odo, trapped, visit, computer",Les Landau,,Jim Trombetta,,,Don Carlos Dunaway,Michael Piller,,,,9.7,46925.1,4/12/2369,23/5/1993,5/3/2023,1:58:00,1:07:00,0:51:00,0.57,0.43,
Dramatis Personae,18,1,DS9,3,NO,2.5,NO,Odo,Odo,2.75,7,2019,,"secret, alliances, Odo, investigation, seeking power",Cliff Bole,,Joe Menosky,,,Joe Menosky,,,,,9,46922.3,3/12/2369,30/5/1993,16/3/2023,2:28:00,1:09:00,1:19:00,0.47,0.53,
Duet,19,1,DS9,9.5,YES,7,YES,Odo,Kira,8.25,9,3367,,"Cardassian, Bajorans, labor camp, war criminal, disease",James L.Conway,,Lisa Rich,Jeanne Carrigan-Fauci,,Peter Allan Fields,,,,,8.9,not known,not known,13/6/1993,2/4/2023,2:32:00,0:50:00,1:42:00,0.33,0.67,
In The Hands of the Prophets,20,1,DS9,7.5,YES,6,YES,O'Brien,O'Brien,6.75,7.7,2179,,"Vedek Winn, Keiko, Bajoran, school, religious beliefs",David Livingston,,Robert Hewitt Wolfe,,,Robert Hewitt Wolfe,,,,,8.8,not known,not known,20/6/1993,29/4/2023,2:32:00,1:33:00,0:59:00,0.61,0.39,
The Homecoming,1,2,DS9,5.5,YES,5.5,YES,Borum,Kira,5.5,7.6,2130,Boram,"Bajoran, resistance, sect, seeking power, Kira",Winrich Kolbe,,Jeri Taylor,Ira Steven Behr,,Ira Steven Behr,,,,,9.7,not known,not known,26/9/1993,9/5/2023,2:24:15,1:09:00,1:15:15,0.48,0.52,
The Circle,2,2,DS9,6.5,Yes,8,Yes,Quark,Quark,7.25,7.6,"2,102",,"Bajoran, Vedek Bareli, Bajor, arms, resistance",Corey Allen,,Peter Allan Fields,,,Peter Allan Fields,,,,,9,not known,not known,3/10/1993,16/05/2023,1:53:10,0:56:00,0:57:10,0.49,0.51,contrib at 12:00
The Seige,3,2,DS9,8.5,Yes,6,Yes,Dax,Kira,7.25,7.8,2113,,"Bajoran, military, coup, Bajor, resistance",Winrich Kolbe,,Michael Piller,,,Michael Piller,,,,,9,not known,not known,10/10/1993,2/6/2023,1:55:42,0:56:50,0:58:52,0.49,0.51,
Invasive Procedures,4,2,DS9,8,Yes,8,Yes,Bashir,Bashir,8,6.8,2026,,"Trill, Dax, symbiont, host, stolen",Les Landau,,John Whepley,,,John Whepley,Robert Hewitt-Wolfe,,,,9.3,47182.1,8/3/2370,17/10/1993,14/6/2023,1:50:00,0:39:15,1:10:45,0.36,0.64,
Cardassians,5,2,DS9,,,,,,,0,7.5,2090,,,Cliff Bole,,Gene Wolande,John Wright,,James Crocker,,,,,9.1,47177.2,6/3/2370,24/10/1993,,,,0,#DIV/0!,#DIV/0!,
Melora,6,2,DS9,,,,,,,0,6.4,2052,,,Winrich Kolbe,,Evan Carlos Somers,,,Evan Carlos Somers,Steven Baum,Michael Piller,James Crocker,,9.7,,,31/10/1993,,,,0,#DIV/0!,#DIV/0!,
Rules of Acquisition,7,2,DS9,,,,,,,0,7.4,2090,,,David Livingston,,Hilary J. Bader,,,Ira Steven Behr,,,,,8.8,,,7/11/1993,,,,0,#DIV/0!,#DIV/0!,
Necessary Evil,8,2,DS9,,,,,,,0,8.1,2218,,,James L.Conway,,Peter Allan Fields,,,,,,,,9.2,,,14/11/1993,,,,0,#DIV/0!,#DIV/0!,
Second Sight,9,2,DS9,,,,,,,0,6.2,1962,,,Alexander Singer,,Mark Gehred-O'Connell,,,Mark Gehred-O'Connell,Ira Steven Behr,Robert Hewitt Wolfe,,,9.4,,,21/11/1993,,,,0,#DIV/0!,#DIV/0!,
Sanctuary,10,2,DS9,,,,,,,0,6.4,1979,,,Les Landau,,Gabe Essoe,Kelley Miles,,Frederick Rappaport,,,,,8.9,,,28/11/1993,,,,0,#DIV/0!,#DIV/0!,
Rivals,11,2,DS9,,,,,,,0,6.4,1911,,,David Livingston,,Jim Trombetta,Michael Piller,,Joe Menosky,,,,,9.3,,,2/1/1994,,,,0,#DIV/0!,#DIV/0!,
The Alternate,12,2,DS9,,,,,,,0,6.7,1906,,,David Carson,,Jim Trombetta,Bill Dial,,Bill Dial,,,,,8.9,,,9/1/1994,,,,0,#DIV/0!,#DIV/0!,
Armageddon Game,13,2,DS9,,,,,,,0,7.4,1985,,,Winrich Kolbe,,Morgan Gendel,,,,,,,,8.6,,,30/1/1994,,,,0,#DIV/0!,#DIV/0!,
Whispers,14,2,DS9,,,,,,,0,8.1,2269,,,Les Landau,,Paul Robert Coyle,,,,,,,,9.3,,,6/2/1994,,,,0,#DIV/0!,#DIV/0!,
Paradise,15,2,DS9,,,,,,,0,6.6,2106,,,Corey Allen,,Jim Trombetta,James Crocker,,Jeff King,Richard Manning,Hans Beimler,,,8.2,,,13/2/1994,,,,0,#DIV/0!,#DIV/0!,
Shadowplay,16,2,DS9,,,,,,,0,7.3,2001,,,Robert Scheerer,,Robert Hewitt Wolfe,,,,,,,,9.5,,,20/2/1994,,,,0,#DIV/0!,#DIV/0!,
Playing God,17,2,DS9,,,,,,,0,6.4,1861,,,David Livingston,,Jim Trombetta,,,Jim Trombetta,Michael Piller,,,,8.8,,,27/2/1994,,,,0,#DIV/0!,#DIV/0!,
Profit and Loss,18,2,DS9,,,,,,,0,7.2,1938,,,Robert Weimar,,Flip Kobler,Cindy Marcus,,,,,,,8.8,,,20/3/1994,,,,0,#DIV/0!,#DIV/0!,
Blood Oath,19,2,DS9,,,,,,,0,7.8,2215,,,Winrich Kolbe,,Peter Allan Fields,,,,,,,,8.4,,,27/3/1994,,,,0,#DIV/0!,#DIV/0!,
"The Maquis, Part 1",20,2,DS9,,,,,,,0,7.8,1998,,,,,,,,,,,,,8.6,,,,,,,0,#DIV/0!,#DIV/0!,
"The Maquis, Part 2",21,2,DS9,,,,,,,0,7.8,1972,,,,,,,,,,,,,8.3,,,,,,,0,#DIV/0!,#DIV/0!,
The Wire,22,2,DS9,,,,,,,0,8.2,2152,,,,,,,,,,,,,8,,,,,,,0,#DIV/0!,#DIV/0!,
Crossover,23,2,DS9,,,,,,,0,7.9,2090,,,,,,,,,,,,,8.9,,,,,,,0,#DIV/0!,#DIV/0!,
The Collaborator,24,2,DS9,,,,,,,0,7,1834,,,,,,,,,,,,,6.6,,,,,,,0,#DIV/0!,#DIV/0!,
Tribunal,25,2,DS9,,,,,,,0,7.5,1909,,,,,,,,,,,,,7.7,,,,,,,0,#DIV/0!,#DIV/0!,
The Jem'Hadar,26,2,DS9,,,,,,,0,8.4,2153,,,,,,,,,,,,,7.7,,,,,,,0,#DIV/0!,#DIV/0!,
"The Search, Part 1",1,3,DS9,,,,,,,0,8.3,2156,,,,,,,,,,,,,9.3,,,,,,,0,#DIV/0!,#DIV/0!,
"The Search, Part 2",2,3,DS9,,,,,,,0,8.2,2115,,,,,,,,,,,,,8.2,,,,,,,0,#DIV/0!,#DIV/0!,
The House of Quark,3,3,DS9,,,,,,,0,8,2198,,,,,,,,,,,,,7.6,,,,,,,0,#DIV/0!,#DIV/0!,
Equilibrium,4,3,DS9,,,,,,,0,6.7,1874,,,,,,,,,,,,,7.4,,,,,,,0,#DIV/0!,#DIV/0!,
Second Skin,5,3,DS9,,,,,,,0,7.9,2076,,,,,,,,,,,,,7.8,,,,,,,0,#DIV/0!,#DIV/0!,
The Abandoned,6,3,DS9,,,,,,,0,6.9,1866,,,,,,,,,,,,,8,,,,,,,0,#DIV/0!,#DIV/0!,
Civil Defense,7,3,DS9,,,,,,,0,7.9,2095,,,,,,,,,,,,,8.1,,,,,,,0,#DIV/0!,#DIV/0!,
Meridian,8,3,DS9,,,,,,,0,5.6,1968,,,,,,,,,,,,,8.5,,,,,,,0,#DIV/0!,#DIV/0!,
Defiant,9,3,DS9,,,,,,,0,7.9,2112,,,,,,,,,,,,,9.3,,,,,,,0,#DIV/0!,#DIV/0!,
Fascination,10,3,DS9,,,,,,,0,6.2,1910,,,,,,,,,,,,,8.2,,,,,,,0,#DIV/0!,#DIV/0!,
"Past Tense, Part 1",11,3,DS9,,,,,,,0,7.8,2175,,,,,,,,,,,,,7.4,,,,,,,0,#DIV/0!,#DIV/0!,
"Past Tense, Part 2",12,3,DS9,,,,,,,0,7.9,2125,,,,,,,,,,,,,8,,,,,,,0,#DIV/0!,#DIV/0!,
Life Support,13,3,DS9,,,,,,,0,6.6,1836,,,,,,,,,,,,,8.2,,,,,,,0,#DIV/0!,#DIV/0!,
Heart of Stone,14,3,DS9,,,,,,,0,7.3,1896,,,,,,,,,,,,,8.3,,,,,,,0,#DIV/0!,#DIV/0!,
Destiny,15,3,DS9,,,,,,,0,7.4,1866,,,,,,,,,,,,,8.1,,,,,,,0,#DIV/0!,#DIV/0!,
Prophet Motive,16,3,DS9,,,,,,,0,6.7,1800,,,,,,,,,,,,,7.5,,,,,,,0,#DIV/0!,#DIV/0!,
Visionary,17,3,DS9,,,,,,,0,7.8,1917,,,,,,,,,,,,,7.9,,,,,,,0,#DIV/0!,#DIV/0!,
Distant Voices,18,3,DS9,,,,,,,0,6.4,1871,,,,,,,,,,,,,7.1,,,,,,,0,#DIV/0!,#DIV/0!,
Through The Looking Glass,19,3,DS9,,,,,,,0,7.4,1868,,,,,,,,,,,,,6.9,,,,,,,0,#DIV/0!,#DIV/0!,
Improbable Cause,20,3,DS9,,,,,,,0,8.5,2176,,,,,,,,,,,,,6.9,,,,,,,0,#DIV/0!,#DIV/0!,
The Die Is Cast,21,3,DS9,,,,,,,0,8.9,2328,,,,,,,,,,,,,7,,,,,,,0,#DIV/0!,#DIV/0!,
Explorers,22,3,DS9,,,,,,,0,7.2,1955,,,,,,,,,,,,,6.7,,,,,,,0,#DIV/0!,#DIV/0!,
Family Business,23,3,DS9,,,,,,,0,7.2,1860,,,,,,,,,,,,,6.9,,,,,,,0,#DIV/0!,#DIV/0!,
Shakaar,24,3,DS9,,,,,,,0,6.9,1777,,,,,,,,,,,,,7.1,,,,,,,0,#DIV/0!,#DIV/0!,
Facets,25,3,DS9,,,,,,,0,7.1,1814,,,,,,,,,,,,,5.9,,,,,,,0,#DIV/0!,#DIV/0!,
The Adversary,26,3,DS9,,,,,,,0,8.2,1943,,,,,,,,,,,,,7.1,,,,,,,0,#DIV/0!,#DIV/0!,
The Way of The Warrior,1,4,DS9,,,,,,,0,9,2732,,,,,,,,,,,,,8.5,,,,,,,0,#DIV/0!,#DIV/0!,
The Visitor,2,4,DS9,,,,,,,0,9.1,3940,,,,,,,,,,,,,6.9,,,,,,,0,#DIV/0!,#DIV/0!,
Hippocratic Oath,3,4,DS9,,,,,,,0,7.6,1988,,,,,,,,,,,,,7.7,,,,,,,0,#DIV/0!,#DIV/0!,
Indiscretion,4,4,DS9,,,,,,,0,7.7,1942,,,,,,,,,,,,,7.2,,,,,,,0,#DIV/0!,#DIV/0!,
Rejoined,5,4,DS9,,,,,,,0,7,2082,,,,,,,,,,,,,7,,,,,,,0,#DIV/0!,#DIV/0!,
Starship Down,6,4,DS9,,,,,,,0,7.6,1965,,,,,,,,,,,,,7.7,,,,,,,0,#DIV/0!,#DIV/0!,
Little Green Men,7,4,DS9,,,,,,,0,8.4,2469,,,,,,,,,,,,,7.1,,,,,,,0,#DIV/0!,#DIV/0!,
The Sword of Kahless,8,4,DS9,,,,,,,0,7,1879,,,,,,,,,,,,,6.9,,,,,,,0,#DIV/0!,#DIV/0!,
Our Man Bashir,9,4,DS9,,,,,,,0,7.9,2149,,,,,,,,,,,,,6.8,,,,,,,0,#DIV/0!,#DIV/0!,
Homefront,10,4,DS9,,,,,,,0,8.2,2080,,,,,,,,,,,,,6.8,,,,,,,0,#DIV/0!,#DIV/0!,
Paradise Lost,11,4,DS9,,,,,,,0,8.3,2060,,,,,,,,,,,,,6.8,,,,,,,0,#DIV/0!,#DIV/0!,
Crossfire,12,4,DS9,,,,,,,0,7.1,1840,,,,,,,,,,,,,7,,,,,,,0,#DIV/0!,#DIV/0!,
Return to Grace,13,4,DS9,,,,,,,0,7.7,1862,,,,,,,,,,,,,6.5,,,,,,,0,#DIV/0!,#DIV/0!,
Sons of Mogh,14,4,DS9,,,,,,,0,7.2,1827,,,,,,,,,,,,,7.3,,,,,,,0,#DIV/0!,#DIV/0!,
Bar Association,15,4,DS9,,,,,,,0,7.4,1909,,,,,,,,,,,,,6.7,,,,,,,0,#DIV/0!,#DIV/0!,
Accession,16,4,DS9,,,,,,,0,7.1,1781,,,,,,,,,,,,,6.5,,,,,,,0,#DIV/0!,#DIV/0!,
Rules of Engagement,17,4,DS9,,,,,,,0,7.3,1891,,,,,,,,,,,,,5.8,,,,,,,0,#DIV/0!,#DIV/0!,
Hard Time,18,4,DS9,,,,,,,0,8.2,2173,,,,,,,,,,,,,5.7,,,,,,,0,#DIV/0!,#DIV/0!,
Shattered Mirror,19,4,DS9,,,,,,,0,7.1,1793,,,,,,,,,,,,,6.5,,,,,,,0,#DIV/0!,#DIV/0!,
The Muse,20,4,DS9,,,,,,,0,5.7,1843,,,,,,,,,,,,,5.3,,,,,,,0,#DIV/0!,#DIV/0!,
For the Cause,21,4,DS9,,,,,,,0,7.7,1874,,,,,,,,,,,,,5.6,,,,,,,0,#DIV/0!,#DIV/0!,
To the Death,22,4,DS9,,,,,,,0,8,1941,,,,,,,,,,,,,6,,,,,,,0,#DIV/0!,#DIV/0!,
The Quickening,23,4,DS9,,,,,,,0,7.6,1867,,,,,,,,,,,,,5.7,,,,,,,0,#DIV/0!,#DIV/0!,
Body Parts,24,4,DS9,,,,,,,0,7.4,1841,,,,,,,,,,,,,5.1,,,,,,,0,#DIV/0!,#DIV/0!,
Broken Link,25,4,DS9,,,,,,,0,8.2,1879,,,,,,,,,,,,,6.2,,,,,,,0,#DIV/0!,#DIV/0!,
Apocalypse Rising,1,5,DS9,,,,,,,0,8.2,2003,,,,,,,,,,,,,5.6,,,,,,,0,#DIV/0!,#DIV/0!,
The Ship,2,5,DS9,,,,,,,0,7.9,2019,,,,,,,,,,,,,6,,,,,,,0,#DIV/0!,#DIV/0!,
Looking for Par'Mach,3,5,DS9,,,,,,,0,7.6,1972,,,,,,,,,,,,,5.7,,,,,,,0,#DIV/0!,#DIV/0!,
Nor the Battle to the Strong,4,5,DS9,,,,,,,0,7.5,1911,,,,,,,,,,,,,5,,,,,,,0,#DIV/0!,#DIV/0!,
The Assignment,5,5,DS9,,,,,,,0,7.3,1787,,,,,,,,,,,,,,,,,,,,0,#DIV/0!,#DIV/0!,
Trials and Tribble-ations,6,5,DS9,,,,,,,0,9.3,3760,,,,,,,,,,,,,7.7,,,,,,,0,#DIV/0!,#DIV/0!,
Let He Who Is without sin...,7,5,DS9,,,,,,,0,5.5,1968,,,,,,,,,,,,,7,,,,,,,0,#DIV/0!,#DIV/0!,
Things Past,8,5,DS9,,,,,,,0,7.4,1841,,,,,,,,,,,,,6,,,,,,,0,#DIV/0!,#DIV/0!,
The Ascent,9,5,DS9,,,,,,,0,7.4,1861,,,,,,,,,,,,,6,,,,,,,0,#DIV/0!,#DIV/0!,
Rapture,10,5,DS9,,,,,,,0,7.1,1797,,,,,,,,,,,,,6,,,,,,,0,#DIV/0!,#DIV/0!,
The Darkness and the Light,11,5,DS9,,,,,,,0,6.9,1783,,,,,,,,,,,,,6,,,,,,,0,#DIV/0!,#DIV/0!,
The Begotten,12,5,DS9,,,,,,,0,7.8,1902,,,,,,,,,,,,,6.2,,,,,,,0,#DIV/0!,#DIV/0!,
For the Uniform,13,5,DS9,,,,,,,0,7.8,1960,,,,,,,,,,,,,6,,,,,,,0,#DIV/0!,#DIV/0!,
In Purgatory's Shadow,14,5,DS9,,,,,,,0,8.7,2132,,,,,,,,,,,,,6.7,,,,,,,0,#DIV/0!,#DIV/0!,
By Inferno's Light,15,5,DS9,,,,,,,0,8.8,2149,,,,,,,,,,,,,6.2,,,,,,,0,#DIV/0!,#DIV/0!,
"Doctor Bashir, I Presume",16,5,DS9,,,,,,,0,7.7,1949,,,,,,,,,,,,,5.6,,,,,,,0,#DIV/0!,#DIV/0!,
A Simple Investigation,17,5,DS9,,,,,,,0,6.6,1740,,,,,,,,,,,,,5.2,,,,,,,0,#DIV/0!,#DIV/0!,
Business as Usual,18,5,DS9,,,,,,,0,7.2,1735,,,,,,,,,,,,,5.3,,,,,,,0,#DIV/0!,#DIV/0!,
Ties of Blood and Water,19,5,DS9,,,,,,,0,7.1,1705,,,,,,,,,,,,,,,,,,,,0,#DIV/0!,#DIV/0!,
Ferengi Love Songs,20,5,DS9,,,,,,,0,6.7,1701,,,,,,,,,,,,,4.8,,,,,,,0,#DIV/0!,#DIV/0!,
Soldiers of the Empire,21,5,DS9,,,,,,,0,7.6,1820,,,,,,,,,,,,,5.2,,,,,,,0,#DIV/0!,#DIV/0!,
Children of Time,22,5,DS9,,,,,,,0,8,2085,,,,,,,,,,,,,5.5,,,,,,,0,#DIV/0!,#DIV/0!,
Blaze of Glory,23,5,DS9,,,,,,,0,7.5,1729,,,,,,,,,,,,,,,,,,,,0,#DIV/0!,#DIV/0!,
Empok Nor,24,5,DS9,,,,,,,0,7.7,1838,,,,,,,,,,,,,4.9,,,,,,,0,#DIV/0!,#DIV/0!,
In the Cards,25,5,DS9,,,,,,,0,7.7,1863,,,,,,,,,,,,,4.5,,,,,,,0,#DIV/0!,#DIV/0!,
Call to Arms,26,5,DS9,,,,,,,0,9,2133,,,,,,,,,,,,,5.2,,,,,,,0,#DIV/0!,#DIV/0!,
A Time To Stand,1,6,DS9,,,,,,,0,8.5,1980,,,,,,,,,,,,,5.4,,,,,,,0,#DIV/0!,#DIV/0!,
Rocks and Shoals,2,6,DS9,,,,,,,0,8.5,2119,,,,,,,,,,,,,5.2,,,,,,,0,#DIV/0!,#DIV/0!,
Sons and Daughters,3,6,DS9,,,,,,,0,7,1784,,,,,,,,,,,,,4.8,,,,,,,0,#DIV/0!,#DIV/0!,
Behind the Lines,4,6,DS9,,,,,,,0,7.8,1827,,,,,,,,,,,,,5.1,,,,,,,0,#DIV/0!,#DIV/0!,
Favor the Bold,5,6,DS9,,,,,,,0,8.5,1982,,,,,,,,,,,,,6,,,,,,,0,#DIV/0!,#DIV/0!,
Sacrifice of Angels,6,6,DS9,,,,,,,0,9,2293,,,,,,,,,,,,,6.4,,,,,,,0,#DIV/0!,#DIV/0!,
You Are Cordially Invited,7,6,DS9,,,,,,,0,7.3,1886,,,,,,,,,,,,,6.5,,,,,,,0,#DIV/0!,#DIV/0!,
Ressurection,8,6,DS9,,,,,,,0,5.7,1738,,,,,,,,,,,,,5.2,,,,,,,0,#DIV/0!,#DIV/0!,
Statistical Probabilities,9,6,DS9,,,,,,,0,7.5,1932,,,,,,,,,,,,,5.1,,,,,,,0,#DIV/0!,#DIV/0!,
The Magnificent Ferengi,10,6,DS9,,,,,,,0,8.1,2145,,,,,,,,,,,,,5,,,,,,,0,#DIV/0!,#DIV/0!,
Waltz,11,6,DS9,,,,,,,0,7.8,1923,,,,,,,,,,,,,4.9,,,,,,,0,#DIV/0!,#DIV/0!,
Who Mourns for Morn?,12,6,DS9,,,,,,,0,7.6,1931,,,,,,,,,,,,,5.3,,,,,,,0,#DIV/0!,#DIV/0!,
Far Beyond the Stars,13,6,DS9,,,,,,,0,8.9,3467,,,,,,,,,,,,,4.8,,,,,,,0,#DIV/0!,#DIV/0!,
One Little Ship,14,6,DS9,,,,,,,0,7.6,1896,,,,,,,,,,,,,5.1,,,,,,,0,#DIV/0!,#DIV/0!,
Honor Among Thieves,15,6,DS9,,,,,,,0,7.3,1818,,,,,,,,,,,,,4.6,,,,,,,0,#DIV/0!,#DIV/0!,
Change of Heart,16,6,DS9,,,,,,,0,7.1,1753,,,,,,,,,,,,,5.5,,,,,,,0,#DIV/0!,#DIV/0!,
Wrongs Darker than Death or Night,17,6,DS9,,,,,,,0,6.7,1720,,,,,,,,,,,,,4.6,,,,,,,0,#DIV/0!,#DIV/0!,
Inquisition,18,6,DS9,,,,,,,0,8.2,1973,,,,,,,,,,,,,4.7,,,,,,,0,#DIV/0!,#DIV/0!,
In The Pale Moonlight,19,6,DS9,,,,,,,0,9.4,3927,,,,,,,,,,,,,4.8,,,,,,,0,#DIV/0!,#DIV/0!,
His Way,20,6,DS9,,,,,,,0,7.4,2038,,,,,,,,,,,,,4.3,,,,,,,0,#DIV/0!,#DIV/0!,
The Reckoning,21,6,DS9,,,,,,,0,7,1721,,,,,,,,,,,,,4.2,,,,,,,0,#DIV/0!,#DIV/0!,
Valient,22,6,DS9,,,,,,,0,6.9,1891,,,,,,,,,,,,,4.6,,,,,,,0,#DIV/0!,#DIV/0!,
Profit and Lace,23,6,DS9,,,,,,,0,5.8,1899,,,,,,,,,,,,,4.2,,,,,,,0,#DIV/0!,#DIV/0!,
Time's Orphan,24,6,DS9,,,,,,,0,6.2,1823,,,,,,,,,,,,,4.6,,,,,,,0,#DIV/0!,#DIV/0!,
The Sound of Her Voice,25,6,DS9,,,,,,,0,7.4,1811,,,,,,,,,,,,,4.1,,,,,,,0,#DIV/0!,#DIV/0!,
Tears of the Prophets,26,6,DS9,,,,,,,0,8.2,1866,,,,,,,,,,,,,4.1,,,,,,,0,#DIV/0!,#DIV/0!,
Image in the Sand,1,7,DS9,,,,,,,0,7.5,1834,,,,,,,,,,,,,4.4,,,,,,,0,#DIV/0!,#DIV/0!,
Shadows and Symbols,2,7,DS9,,,,,,,0,7.9,1855,,,,,,,,,,,,,4.2,,,,,,,0,#DIV/0!,#DIV/0!,
Afterimage,3,7,DS9,,,,,,,0,7.2,1719,,,,,,,,,,,,,4.3,,,,,,,0,#DIV/0!,#DIV/0!,
Take Me out to the Holosuite,4,7,DS9,,,,,,,0,7.4,2135,,,,,,,,,,,,,4.7,,,,,,,0,#DIV/0!,#DIV/0!,
Chrysalis,5,7,DS9,,,,,,,0,6.9,1792,,,,,,,,,,,,,4.3,,,,,,,0,#DIV/0!,#DIV/0!,
"Treachery, Faith and the Great River",6,7,DS9,,,,,,,0,8.2,1842,,,,,,,,,,,,,4.8,,,,,,,0,#DIV/0!,#DIV/0!,
Once More Unto the Breach,7,7,DS9,,,,,,,0,7.6,1764,,,,,,,,,,,,,4.5,,,,,,,0,#DIV/0!,#DIV/0!,
The Seige of AR-558,8,7,DS9,,,,,,,0,8.6,2264,,,,,,,,,,,,,4.5,,,,,,,0,#DIV/0!,#DIV/0!,
Covenant,9,7,DS9,,,,,,,0,6.6,1681,,,,,,,,,,,,,4.4,,,,,,,0,#DIV/0!,#DIV/0!,
It's Only a Paper Moon,10,7,DS9,,,,,,,0,8.2,2174,,,,,,,,,,,,,4.3,,,,,,,0,#DIV/0!,#DIV/0!,
Prodigal Daughter,11,7,DS9,,,,,,,0,6.3,1657,,,,,,,,,,,,,4.3,,,,,,,0,#DIV/0!,#DIV/0!,
The Emporer's New Cloak,12,7,DS9,,,,,,,0,6.3,1648,,,,,,,,,,,,,4.6,,,,,,,0,#DIV/0!,#DIV/0!,
Field of Fire,13,7,DS9,,,,,,,0,6.6,1676,,,,,,,,,,,,,4.1,,,,,,,0,#DIV/0!,#DIV/0!,
Chimera,14,7,DS9,,,,,,,0,7.2,1681,,,,,,,,,,,,,4.3,,,,,,,0,#DIV/0!,#DIV/0!,
"Badda-Bing, Badda-Bing",15,7,DS9,,,,,,,0,7.6,1956,,,,,,,,,,,,,4.1,,,,,,,0,#DIV/0!,#DIV/0!,
Inter Arma Enim Silent Leges,16,7,DS9,,,,,,,0,8.2,1903,,,,,,,,,,,,,4.1,,,,,,,0,#DIV/0!,#DIV/0!,
Penumbra,17,7,DS9,,,,,,,0,7.4,1597,,,,,,,,,,,,,4.4,,,,,,,0,#DIV/0!,#DIV/0!,
Til Death Do Us Part,18,7,DS9,,,,,,,0,7.4,1584,,,,,,,,,,,,,4.1,,,,,,,0,#DIV/0!,#DIV/0!,
Strange Bedfellows,19,7,DS9,,,,,,,0,7.8,1629,,,,,,,,,,,,,4.2,,,,,,,0,#DIV/0!,#DIV/0!,
The Changing Face of Evil,20,7,DS9,,,,,,,0,8.3,1705,,,,,,,,,,,,,4.5,,,,,,,0,#DIV/0!,#DIV/0!,
When It Rains...,21,7,DS9,,,,,,,0,8.1,1624,,,,,,,,,,,,,4.3,,,,,,,0,#DIV/0!,#DIV/0!,
Tacking Into The Wind,22,7,DS9,,,,,,,0,8.7,1772,,,,,,,,,,,,,4.4,,,,,,,0,#DIV/0!,#DIV/0!,
Extreme Measures,23,7,DS9,,,,,,,0,7.6,1655,,,,,,,,,,,,,4.4,,,,,,,0,#DIV/0!,#DIV/0!,
The Dogs of War,24,7,DS9,,,,,,,0,8.2,1682,,,,,,,,,,,,,3.7,,,,,,,0,#DIV/0!,#DIV/0!,
What You Leave Behind,25,7,DS9,,,,,,,0,8.9,2425,,,,,,,,,,,,,5.4,,,,,,,0,#DIV/0!,#DIV/0!,
Encounter At Farpoint,1,1,TNG,4,,6,Yes,,,5,6.9,6977,,"maiden voyage, Q, mysterious base, omnipotent, challenge",Corey Allen,,D.C. Fontana,Gene Roddenberry,,,,,,,15.7,,,28/9/1987,9/1/2017,1:53:00,,1:53:00,0:00:00,0:00:00,
The Naked Now,2,1,TNG,7,,4,No,,,5.5,6.5,4412,,"infected, virus, intoxicated",Paul Lynch,,John D. F. Black,J. Michael Bingham,,D.C. Fontana,,,,,11.5,,,5/10/1987,16/1/2017,1:16:00,,1:16:00,0:00:00,0:00:00,
Code of Honour,3,1,TNG,1,,2,No,,,1.5,5.1,4312,,"romantic interest, Yar, fight to the death, alien culture","
Russ Mayberry",Les Landau,Katharyn Powers,Michael Baron,,,,,,,9.5,,,12/10/1987,23/1/2017,1:21:00,,1:21:00,0:00:00,0:00:00,
The Last Outpost,4,1,TNG,5,,4,Yes,Troi,Troi,4.5,6.3,3910,,"first contact, Ferengi, dead planet, judgement",Richard A. Colla,,Richard Krzemien,,,,,,,,8.9,,,19/10/1987,30/1/2017,1:30:00,,1:30:00,0:00:00,0:00:00,
Where Noone Has Gone Before,5,1,TNG,5,,6,Yes,W.Crusher,W.Crusher,5.5,7.5,4301,,"Wesley Crusher, Traveller, visiting scientist",Rob Bowman,,Diane Duane,Michael Reeves,,,,,,,10.5,,,26/10/1987,6/2/2017,1:21:00,,1:21:00,0:00:00,0:00:00,
Lonely Among Us,6,1,TNG,2,,1,No,Troi,Troi,1.5,6.3,3557,,"Federation membership, sentient entity, possession",Cliff Bole,,Michael Halperin,,,,,,,,12.1,,,2/11/1987,13/2/2017,1:32:00,,1:32:00,0:00:00,0:00:00,
Justice,7,1,TNG,1,,1,No,Worf,Picard,1,6,3883,,"alien planet, Wesley Crusher, punishment",James L.Conway,,John D. F. Black,Worley Thorne,,Worley Thorne,,,,,12.7,,,9/11/1987,20/2/2017,1:29:00,,1:29:00,0:00:00,0:00:00,
The Battle,8,1,TNG,6,,5,Yes,Riker,W.Crusher,5.5,6.8,3605,,"Ferengi, Stargazer, lost, past, Picard",Rob Bowman,,Larry Forrester,,,Herbert Wright,,,,,10.5,,,16/11/1987,27/2/2017,1:32:00,,1:32:00,0:00:00,0:00:00,
Hide and Q,9,1,TNG,4.5,,4.5,Yes,Picard,Picard,4.5,6.9,3771,,"Q, Riker, endowed powers",Cliff Bole,,Maurice Hurley,,,Maurice Hurley,Gene Roddenberry,,,,11,,,23/11/1987,6/3/2017,1:40:00,,1:40:00,0:00:00,0:00:00,
Haven,10,1,TNG,3.5,,3,No,Picard,Picard,3.25,6.2,3494,,"Troi, arranged marriage, family",Richard Compton,,Tracy Torme,Lan O'Kun,,Tracy Torme,,,,,10.3,,,30/11/1987,13/3/2017,1:44:00,,1:44:00,0:00:00,0:00:00,
The Big Goodbye,11,1,TNG,4,,3,No,W.Crusher,W.Crusher,3.5,7.3,3759,,"holodeck, deadly trap, Picard",Joseph L. Scanlan,,Tracy Torme,,,,,,,,11.5,,,11/1/1988,20/3/2017,1:34:00,,1:34:00,0:00:00,0:00:00,
Datalore,12,1,TNG,7.5,,7,Yes,W.Crusher,W.Crusher,7.25,7.6,3905,,"Data, origin, family",Rob Bowman,,Robert Lewin,Maurice Hurley,,Robert Lewin,Gene Roddenberry,,,,10.3,,,18/1/1988,27/3/2017,1:45:00,,1:45:00,0:00:00,0:00:00,
Angel One,13,1,TNG,2,,1.5,No,B.Crusher,B.Crusher,1.75,5.7,3543,,"matriarchal government, missing crew, freighter",Michael Rhodes,,Patrick Barry,,,,,,,,11.4,,,25/1/1988,3/4/2017,1:25:00,,1:25:00,0:00:00,0:00:00,
11001001,14,1,TNG,7,,8,Yes,Picard,Picard,7.5,7.4,3822,,"starbase, alien, subterfuge",Paul Lynch,,Maurice Hurley,Robert Lewin,,,,,,,10.7,,,1/2/1988,10/4/2017,1:36:00,,1:36:00,0:00:00,0:00:00,
Too Short A Season,15,1,TNG,1,,1,No,Picard,Picard,1,6.1,3379,,"elderly, Admiral, negotiation, hostage crisis, drug",Rob Bowman,,Michael Michaelian,,,Michael Michaelian,D.C. Fontana,,,,10.9,,,8/2/1988,17/4/2017,1:20:00,,1:20:00,0:00:00,0:00:00,
When The Bough Breaks,16,1,TNG,1.5,,1.5,No,W.Crusher,W.Crusher,1.5,6.4,3321,,"millenia, peace, negotiation, kidnapped",Kim Manners,,Hannah Louise Shearer,,,,,,,,10.2,,,15/2/1988,24/4/2017,1:25:00,,1:25:00,0:00:00,0:00:00,
Home Soil,17,1,TNG,2,,2.5,No,Data,La Forge,2.25,6.8,3294,,"microscopic life, remote base",Corey Allen,,Karl Geurs,Ralph Sanchez,Robert Sabaroff,Robert Sabaroff,,,,,9,,,22/2/1988,1/5/2017,1:48:00,0:36:00,1:12:00,0.33,0.67,
Coming of Age,18,1,TNG,7,,3,No,Picard,Picard,5,7.1,3446,,"Picard, test, loyalty, Wesley Crusher, Starfleet",Mike Vejar,,Sandy Fries,,,,,,,,10.1,,,14/3/1988,8/5/2017,1:57:00,0:38:00,1:19:00,0.32,0.68,
Heart of Glory,19,1,TNG,6,,4,Yes,Worf,Worf,5,7.2,3348,,"Klingon, Neutral Zone, Ferengi, freighter",Rob Bowman,,Maurice Hurley,Herbert Wright,D.C. Fontana,Maurice Hurley,,,,,10.7,,,21/3/1988,15/5/2017,1:29:00,0:20:00,1:09:00,0.22,0.78,
The Arsenal of Freedom,20,1,TNG,3,,3.5,No,La Forge,La Forge,3.25,7.1,3423,,"dead planet, arsenal, arms trade",Les Landau,,Maurice Hurley,Robert Lewin,,Richard Manning,Hans Beimier,,,,10.4,,,11/4/1988,22/5/2017,1:37:00,0:16:00,1:21:00,0.16,0.84,
Symbiosis,21,1,TNG,2,,2,No,B.Crusher,B.Crusher,2,6.9,3399,,"plague, cure, negotiation",Robert Lewin,,Robert Lewin,,,Robert Lewin,Richard Manning,Hans Beimier,,,10.8,,,18/4/1988,29/5/2017,1:37:00,0:38:00,0:59:00,0.39,0.61,
Skin of Evil,22,1,TNG,4.5,,4,Yes,Troi,Troi,4.25,6.8,3791,,"Yar, Troi, deserted planet, sentient, evil",Joseph L. Scanlan,,Joseph Stefano,,,Joseph Stefano,Hannah Louise Shearer,,,,9.7,,,25/4/1988,5/6/2017,1:41:00,0:12:30,1:28:30,0.12,0.88,
We'll Always Have Paris,23,1,TNG,2,,1.5,No,Data,Data,1.75,6.5,3257,,"Picard, romance, reunion, holodeck",Robert Becker,,Deborah Dean Davis,Hannah Louise Shearer,,,,,,,9.7,,,2/5/1988,12/6/2017,1:28:00,,1:28:00,0:00:00,0:00:00,
Conspiracy,24,1,TNG,8.5,,8,Yes,B.Crusher,B.Crusher,8.25,8.1,4031,,"conspiracy, Starfleet, Picard, Earth",Cliff Bole,,Robert Sabaroff,,,Tracy Torme,,,,,9.4,,,9/5/1988,19/6/2017,1:35:00,0:21:00,1:14:00,0.22,0.78,
The Neutral Zone,25,1,TNG,4.5,,4.5,Yes,Data,Data,4.5,7.4,3613,,"Neutral Zone, derelict vessel, outposts, Romulan",James L.Conway,,Deborah McIntyre,Mona Clee,,Maurice Hurley,,,,,10.2,,,16/5/1988,26/6/2017,1:14:00,0:07:00,1:07:00,0.09,0.91,
The Child,1,2,TNG,1.5,,2,No,Pulaski,Pulaski,1.75,5.8,3668,,"Troi, violated, impregnated",Rob Bowman,,Jaron Summers,Jon Povill,Maurice Hurley,,,,,,10.9,,,19/11/1988,10/7/2017,1:39:00,,1:39:00,0:00:00,0:00:00,
Where Silence Has Lease,2,2,TNG,1.5,,1,No,Picard,Pulaski,1.25,7,3453,,"mysterious void, trapped",Winrich Kolbe,,Jack B.Sowards,,,,,,,,10.3,,,26/11/1988,17/7/2017,1:54:00,,1:54:00,0:00:00,0:00:00,
"Elementary, Dear Data",3,2,TNG,7.5,,8,Yes,Picard,Picard,7.75,8.1,4072,,"Data, holodeck, self-aware",Rob Bowman,,Brian Alan Lane,,,,,,,,,,,3/12/1988,24/7/2017,1:58,0:32:00,1:26,0.27,0.73,
The Outrageous Okona,4,2,TNG,0.5,,3,No,Worf,La Forge,1.75,6.2,3508,,"broken-down, freighter, feuding worlds, negotiation",Robert Becker,,Les Menchen,Lance Dickson,David Landsberg,Burton Armus,,,,,,,,10/12/1988,31/7/2017,1:37:00,0:25:00,1:12:00,0.26,0.74,
Loud as a Whisper,5,2,TNG,1,,1.5,No,Troi,Data,1.25,6.5,3303,,"mediator, negotiate, civil war",Larry Shaw,,Jacqueline Zambrano,,,,,,,,10.7,,,7/1/1989,7/8/2017,1:48:00,0:45:00,1:03:00,0.42,0.58,
The Schizoid Man,6,2,TNG,2.5,,2.5,No,Picard,Picard,2.5,6.9,3322,,"dying scientist, Data, vessel",Les Landau,,Richard Manning,Hans Beimler,,Tracy Torme,,,,,10.8,,,21/1/1989,14/8/2017,1:33:00,0:30:30,1:02:30,0.33,0.67,
Unnatural Selection ,7,2,TNG,4,,3,No,O'Brien,O'Brien,3.5,6.5,3173,,"enhanced DNA, epidemic, aging, Pulaski",Paul Lynch,,John Mason,Mike Gray,,,,,,,11,,,28/1/1989,21/8/2017,1:43:00,0:23:00,1:20:00,0.22,0.78,
A Matter of Honor,8,2,TNG,9,,7,Yes,Worf,Riker,8,8,3725,,"Riker, Klingon, retaliation, exchange program",Rob Bowman,,Wanda M. Haight,Gregory Amos,Burton Armus,Burton Armus,,,,,11.3,,,4/2/1989,28/8/2017,1:45:00,,1:45:00,0:00:00,0:00:00,
Measure of a Man,9,2,TNG,8,,8,Yes,Picard,Picard,8,9.1,5834,,"Data, hearing, trial, rights, sentient",Robert Scheerer,,Melinda M. Snodgrass,,,,,,,,11.3,,,11/2/1989,4/9/2017,1:39:00,,1:39:00,0:00:00,0:00:00,
The Dauphin,10,2,TNG,3,,3,Neutral,Ensign Gibson,Ensign Gibson,3,6.2,3339,,"Wesley Crusher, romance, guardian",Rob Bowman,,Scott Bubenstein,Leonard Mlodinow,,,,,,,10.7,,,18/2/1989,11/9/2017,2:06:00,0:38:00,1:28:00,0.3,0.7,
Contagion,11,2,TNG,8,,6,Yes,La Forge,La Forge,7,7.6,3325,,"superior technology, ancient race, doomed starship, Romulan",Joseph L. Scanlan,,Steve Gerber,Beth Woods,,,,,,,10.2,,,18/3/1989,18/9/2017,1:40:00,0:27:18,1:12:42,0.27,0.73,
The Royale,12,2,TNG,2,,2,Yes,Data,Data,2,6.6,3500,,"trapped, recreation, novel",Cliff Bole,,Tracy Torme,,,,,,,,10.6,,,25/3/1989,2/10/2017,1:18:00,,1:18:00,0:00:00,0:00:00,
Time Squared,13,2,TNG,1.5,,1.5,No,Picard,Picard,1.5,7.5,3450,,"shuttlecraft, adrift, Picard, doppelganger",Joseph L. Scanlan,,Kurt Michael Bensmiller,,,Maurice Hurley,,,,,9.9,,,1/4/1989,9/10/2017,1:29:00,0:24:00,1:05:00,0.27,0.73,
The Icarus Factor,14,2,TNG,2.5,,2,No,Troi,W.Crusher,2.25,6.2,3034,,"Riker, family, estranged, Worf, Klingon",Robert Iscove,,David Assael,,,David Assael,Robert McCullough,,,,9.1,,,22/4/1989,16/10/2017,1:05:00,,1:05:00,0:00:00,0:00:00,
Pen Pals,15,2,TNG,3.5,,1.5,No,W.Crusher,W.Crusher,2.5,6.8,3251,,"Data, Prime Directive, Wesley Crusher",Winrich Kolbe,,Hannah Louise Shearer,,,Melinda M. Snodgrass,,,,,9.7,,,29/4/1989,23/10/2017,1:20:00,,1:20:00,0:00:00,0:00:00,
Q Who,16,2,TNG,9,,8,Yes,Nobody,Nobody,8.5,8.9,4769,,"Q, Borg, distant, Delta Quadrant",Rob Bowman,,Maurice Hurley,,,,,,,,10.3,,,6/5/1989,30/10/2017,1:31:00,,1:31:00,0:00:00,0:00:00,
Samaritan Snare,17,2,TNG,3,,3.5,No,Pulaski,Pulaski,3.25,6.5,3106,,"distress call, subterfuge",Les Landau,,Robert McCullough,,,,,,,,10,,,13/5/1989,6/11/2017,1:16:00,0:19:00,0:57:00,0.25,0.75,
Up the Long Ladder,18,2,TNG,0.5,,1,No,Pulaski,Pulaski,0.75,6.2,3288,,"distress call, Earth colonies, Irish",Winrich Kolbe,,Melinda M. Snodgrass,,,,,,,,9.2,,,20/5/1989,15/11/2017,1:11:00,0:16:00,0:55:00,0.23,0.77,
Manhunt,19,2,TNG,0.5,,1,No,Data,Data,0.75,6.1,3093,,"Betazoid, Luxwana, romance, Picard",Rob Bowman,,Tracy Torme,,,,,,,,8.9,,,17/6/1989,20/11/2017,1:36:00,0:25:00,1:11:00,0.26,0.74,
The Emissary,20,2,TNG,7.5,,7,Yes,Worf,Worf,7.25,7.5,3428,,"Klingon, stasis, emissary, Worf",Cliff Bole,,Richard Manning,Hans Beimler,,Richard Manning,Hans Beimler,,,,9,,,24/6/1989,27/11/2017,1:24:00,0:23:00,1:01:00,0.27,0.73,
Peak Performance,21,2,TNG,6.5,,6,Neutral,Worf,Worf,6.25,7.7,3355,,"war games, Enterprise, participation",Robert Scheerer,,David Kemper,,,,,,,,9.4,,,8/7/1989,4/12/2017,1:22:00,,1:22:00,0:00:00,0:00:00,
Shades of Gray,22,2,TNG,0.01,,0.01,No,Pulaski,Pulaski,0.01,3.3,3773,,"Riker, alien infection, away mission, memories",Rob Bowman,,Maurice Hurley,,,Maurice Hurley,Richard Manning,Hans Beimler,,,9.8,,,15/7/1989,11/12/2017,1:36:00,,1:36:00,0:00:00,0:00:00,
Evolution,1,3,TNG,4.5,,4,Yes,Picard,Data,4.25,6.5,3239,,"Wesley Crusher, science project, threat",Winrich Kolbe,,Michael Piller,Michael Wagner,,Michael Piller,,,,,10.8,,,25/9/1989,6/3/2018,1:19:00,,1:19:00,0:00:00,0:00:00,
The Ensigns of Command,2,3,TNG,4,,6,Yes,Picard,Data,5,7.4,3469,,"alien race, Federation colony, wipe out, threat",Cliff Bole,,Melinda M. Snodgrass,,,,,,,,,,,2/10/1989,19/3/2018,1:20:00,,1:20:00,0:00:00,0:00:00,
The Survivors,3,3,TNG,7.5,,5.5,Yes,Picard,Picard,6.5,7.6,3786,,"distress call, Federation colony, unknown alien ship, illusion",Les Landau,,Michael Wagner,,,,,,,,9.6,,,9/10/1989,26/3/2018,1:15:00,,1:15:00,0:00:00,0:00:00,
Who Watches The Watchers,4,3,TNG,5,,6,Yes,Riker,Riker,5.5,8,4108,,"Vulcan, Picard, worship, sacrifice",Robert Weimer,,Richard Manning,Hans Beimler,,,,,,,9.6,,,16/10/1989,2/4/2018,1:28:00,0:21:15,1:06:45,0.24,0.76,
The Bonding,5,3,TNG,5.5,,4,No,Troi,Troi,4.75,6.7,3178,,"Klingon, Worf, death",Winrich Kolbe,,Ronald D. Moore,,,,,,,,9.9,,,23/10/1989,9/4/2018,1:20:30,0:22:30,0:58:00,0.28,0.72,
Booby Trap,6,3,TNG,7,,9,Yes,La Forge,La Forge,8,7.4,3338,,"trap, derelict, Leah Brahms, La Forge, holodeck",Gabrielle Beaumont,,Michael Wagner,Ron Roman,,Ron Roman,Michael Piller,Richard Danus,,,11,,,30/10/1989,16/4/2018,1:34:59,0:26:40,1:08:19,0.28,0.72,
The Enemy,7,3,TNG,7.5,,6.5,Yes,La Forge,Picard,7,7.8,3348,,"stranded, away mission, La Forge, Romulan",David Carson,,David Kemper,Michael Piller,,,,,,,10.3,,,6/11/1989,23/4/2018,1:29:44,0:31:10,0:58:34,0.35,0.65,
The Price,8,3,TNG,1.5,,1.5,Meh,Riker,Riker,1.5,6.3,3119,,"negotiation, Troi, romance, wormhole",Robert Scheerer,,Hannah Louise Shearer,,,,,,,,10.6,,,13/11/1989,30/4/2018,2:06,0:48:00,1:18,0.38,0.62,
The Vengeance Factor,9,3,TNG,2.5,,2,No,Riker,Riker,2.25,6.5,3008,,"raid, Federation outpost, alen race",Timothy Bond,,Sam Rolfe,,,,,,,,9.7,,,20/11/1989,7/5/2018,1:37:15,0:30:05,1:07:10,0.31,0.69,
The Defector,10,3,TNG,8.5,,8.5,Yes,Picard,Picard,8.5,8.4,3885,,"Romulan, defector, impending invasion, Picard",Robert Scheerer,,Ronald D. Moore,,,,,,,,10.5,,,1/1/1990,14/5/2018,1:58:28,0:27:31,1:30:57,0.23,0.77,
The Hunted,11,3,TNG,7,,3.5,No,Troi,Troi,5.25,7.5,3284,,"Federation membership, remote planet, inhabitants",Cliff Bole,,Robin Bernheim,,,,,,,,10.6,,,8/1/1990,21/5/2018,1:43:00,0:30:10,1:12:50,0.29,0.71,
The High Ground,12,3,TNG,2.5,No,1.5,No,La Forge,La Forge,2,6.8,3106,,"civil war, Beverly Crusher, hostage, factions",Gabrielle Beaumont,,Melinda M. Snodgrass,,,,,,,,10.5,,,29/1/1990,28/5/2018,1:30:00,0:23:35,1:06:25,0.26,0.74,
Deja Q,13,3,TNG,6.5,,8.5,Yes,Data,Data,7.5,8.5,4001,,"Q, continuum, lost powers",Les Landau,,Richard Danus,,,,,,,,11.3,,,5/2/1990,4/6/2018,1:38:00,0:32:00,1:06:00,0.33,0.67,
A Matter of Perspective,14,3,TNG,2,,3,Meh,La Forge,Data,2.5,6.7,3116,,"Riker, trial, courtroom, murder, seduction",Cliff Bole,,Ed Zuckerman,,,,,,,,10.8,,,12/2/1990,11/6/2018,2:05:00,0:42:00,1:23:00,0.34,0.66,
Yesterday's Enterprise,15,3,TNG,10,,10,Yes,Guinan,Guinan,10,9.2,5638,,"past, Enterprise, Yar, Picard, Klingon",David Carson,,Trent Christopher Ganino,Eric A. Stillwell,,Ira Steven Behr,Richard Manning,Hans Biemler,Ronald D. Moore,,11.9,,,19/2/1990,18/6/2018,2:35:00,0:33:00,2:02:00,0.21,0.79,
The Offspring,16,3,TNG,6.5,,6.5,Yes,Picard,Picard,6.5,8.5,4273,,"cybernetics, Data, offspring, Starfleet",Jonathan Frakes,,Rene Echevarria,,,,,,,,10.2,,,12/3/1990,25/6/2018,1:59:00,0:31:00,1:28:00,0.26,0.74,Ask Frakes 1
Sins of the Father,17,3,TNG,9,,5.5,Yes,Worf,Worf,7.25,8.2,3507,,"Klingon, exhange program, conflict",Les Landau,,Drew Deighan,,,Ronald D. Moore,W.Reed Morgan,,,,11.1,,,19/3/1990,2/7/2018,2:09:00,0:46:00,1:23:00,0.36,0.64,Patreon launched
Allegiance,18,3,TNG,4,,5,Meh,Riker,Riker,4.5,7.4,3195,,"Picard, kidnapped, imposter",Winrich Kolbe,,Richard Manning,Hans Beimler,,,,,,,10.2,,,26/3/1990,9/7/2018,2:04:00,0:47:00,1:17:00,0.38,0.62,
Captain's Holiday,19,3,TNG,3.5,,3,Yes,Picard,Picard,3.25,7.2,3349,,"Vash, Risa, vacation, Ferengi, weapon",Chip Chalmers,,Ira Steven Behr,,,,,,,,11.7,,,2/4/1990,16/7/2018,2:01:01,0:40:00,1:21:01,0.33,0.67,
Tin Man,20,3,TNG,4.5,,6,Yes,Tam,Data,5.25,7.2,3166,,"Romulans, vengeance",Robert Scheerer,,Dennis Bailey,David Bischoff,,,,,,,10.2,,,23/4/1990,23/7/2018,2:15:00,0:46:00,1:29:00,0.34,0.66,
Hollow Pursuits,21,3,TNG,8,Yes,8,Yes,Barclay,Barclay,8,7.7,3359,,"Barclay, holodeck, addicted",Cliff Bole,,Sally Caves,,,,,,,,9.8,,,30/4/1990,30/7/2018,2:10:00,0:35:00,1:35:00,0.27,0.73,
The Most Toys,22,3,TNG,8,,6,Yes,Worf,Worf,7,7.6,3338,,"transporting, dangerous material, Data, kidnapped",Timothy Bond,,Shari Goodhartz,,,,,,,,10.3,,,7/5/1990,6/8/2018,2:43:00,0:55:45,1:47:15,0.34,0.66,
Sarek,23,3,TNG,7,,5,Yes,Picard,Picard,6,8.1,3574,,"ambassador, Sarek, Vulcan, emotional, peace talks",Les Landau,,Marc Cushman,Jake Jacobs,,Peter S.Beagle,,,,,10.6,,,14/5/1990,13/8/2018,2:41:00,0:53:00,1:48:00,0.33,0.67,
Ménage à Troi,24,3,TNG,2,,6,Meh,W.Crusher,W.Crusher,4,6.5,2997,,"Lwuxana, Troi, kidnapped, Ferengi, violated",Robert Legato,,Fred Bronson,Susan Sackett,,,,,,,9.1,,,28/5/1990,20/8/2018,2:16:00,0:51:00,1:25:00,0.38,0.62,
Transfigurations,25,3,TNG,2.5,,2.5,No,La Forge,La Forge,2.5,6.9,2929,,"deserted planet, lone survivor",Tom Benko,,Rene Echevarria,,,,,,,,10.2,,,4/6/1990,27/8/2018,2:39:00,0:46:00,1:53:00,0.29,0.71,
The Best of Both Worlds: Part 1,26,3,TNG,10,,10,Yes,Shelby,Shelby,10,9.3,5414,,"distress call, Borg, remote, colony",Cliff Bole,,Michael Piller,,,,,,,,10.1,,,18/6/1990,3/9/2018,3:01:00,0:28:00,2:33:00,0.15,0.85,
"The Best of Both Worlds, Part II",1,4,TNG,10,,10,Yes,Riker,Riker,10,9.2,5085,,"Picard, captured, Borg, Riker, battle",Cliff Bole,,Michael Piller,,,,,,,,12.3,,,24/9/1990,17/9/2018,2:27:00,0:33:00,1:54:00,0.22,0.78,
Family,2,4,TNG,5.5,,7,Yes,Troi,Troi,6.25,8.3,4105,,"Borg, shore leave, family, trauma",Les Landau,,Ronald D. Moore,,,,,,,,9.6,,,1/10/1990,24/9/2018,2:22:00,0:45:00,1:37:00,0.32,0.68,
Brothers,3,4,TNG,7.5,,4.5,Yes,B.Crusher,O'Brien,6,7.7,3380,,"Lore, Data, accident, commandeer, unknown",Rob Bowman,,Rick Berman,,,,,,,,10.9,,,8/10/1990,1/10/2018,1:50:00,0:42:00,1:08:00,0.38,0.62,
Suddenly Human,4,4,TNG,2.5,,2,No,Picard,Picard,2.25,6.4,3068,,"shipwrecked, training mission, alien ship, rescue mission",Gabrielle Beaumont,,Ralph Phillips,,,John Whelpley,Jeri Taylor,,,,10.3,,,15/10/1990,8/10/2018,1:53:00,0:40:00,1:13:00,0.35,0.65,
Remember Me,5,4,TNG,2.5,,3,Meh,B.Crusher,B.Crusher,2.75,7.8,3569,,"Beverly Crusher, fear, loved one, alternate reality",Cliff Bole,,Lee Sheldon,,,,,,,,11.4,,,22/10/1990,15/10/2018,2:53:00,1:13:31,1:39:29,0.42,0.58,
Legacy,6,4,TNG,6.5,,6,Meh,Riker,Riker,6.25,6.7,3009,,"Tasha Yar, home planet, family",Robert Scheerer,,Joe Menowsky,,,,,,,,12,,,29/10/1990,22/10/2018,2:44:00,1:01:20,1:42:40,0.37,0.63,
Reunion,7,4,TNG,8.5,Yes,8,Yes,Picard,Worf,8.25,8.3,3478,,"Klingon, high council, Worf, loved one, son",Jonathan Frakes,,Drew Deighan,Thomas Perry,Jo Perry,Thomas Perry,Jo Perry,Ronald D. Moore,Brannon Braga,,12.2,,,5/11/1990,29/10/2018,2:02:00,0:29:06,1:32:54,0.24,0.76,
Future Imperfect,8,4,TNG,6.5,,7,Yes,Riker,Riker,6.75,7.8,3393,,"Riker, memory, future, infection",Les Landau,,J. Larry Carroll,David Bennett Carren,,,,,,,12,,,12/11/1990,5/11/2018,2:08:00,0:34:00,1:34:00,0.27,0.73,
Final Mission,9,4,TNG,6.5,,4,Meh,W.Crusher,W.Crusher,5.25,6.8,3034,,"Wesley Crusher, Starfleet Academy, dangerous mission, shipwrecked",Corey Allen,,Kacey Arnold-Ince,,,Kacey Arnold-Ince,Jeri Taylor,,,,11.5,,,19/11/1990,12/11/2018,1:46:00,0:33:00,1:13:00,0.31,0.69,
The Loss,10,4,TNG,3.5,,6,Meh,Guinan,Troi,4.75,6,2932,,"Troi, disability, unknown force, struggle, loss",Chip Chalmers,,Hilary J. Bader,,,Hilary J. Bader,Allan J. Bader,Vanessa Greene,,,12.2,,,31/12/1990,26/11/2018,1:50:00,0:32:00,1:18:00,0.29,0.71,
Data's Day,11,4,TNG,8.5,,9,Yes,Data,Data,8.75,8.1,3563,,"Data, Keiko, O'Brien, wedding, Romulans",Robert Wiemar,,Harold Apter,,,Harold Apter,Ronald D. Moore,,,,11.7,,,7/1/1991,3/12/2018,2:07:00,0:38:00,1:29:00,0.3,0.7,
The Wounded,12,4,TNG,7.5,,8,Yes,O'Brien,O'Brien,7.75,8.1,3366,,"Cardassians, Federation, attack, Picard, outpost",Chip Chalmers,,Stuart Charno,Sara Charno,Cy Chemak,Jeri Taylor,,,,,12.1,,,28/1/1991,10/12/2018,2:10:00,0:31:00,1:39:00,0.24,0.76,
Devil's Due,13,4,TNG,5.5,,7.5,Yes,La Forge,Picard,6.5,7.2,3215,,"distress call, Picard, devil, antichrist, investigation",Tom Benko,,Philip LaZebnik,William Douglas Lansford,,Philip LaZebnik,,,,,13,,,4/2/1991,17/12/2018,1:56:00,0:30:00,1:26:00,0.26,0.74,
Clues,14,4,TNG,7,,6,Yes,B.Crusher,B.Crusher,6.5,8.2,3602,,"wormhole, mystery, effect, time",Les Landau,,Bruce D. Arthurs,,,Bruce D. Arthurs,Joe Menowsky,,,,12.3,,,11/2/1991,24/12/2018,2:10:00,0:34:01,1:35:59,0.26,0.74,
First Contact,15,4,TNG,7.5,,7,Yes,B.Crusher,B.Crusher,7.25,8.1,3484,,"first contact, Riker, xenophobic, disguise",Cliff Bole,,Marc Scott Zicree,,,Dennis Bailey,David Bischoff,Joe Menosky,Ronald D. Moore,Michael Piller,11.4,,,18/2/1991,7/1/2019,1:59:00,0:36:00,1:23:00,0.3,0.7,
Galaxy's Child,16,4,TNG,6.5,,7,Yes,La Forge,Leah Brahms,6.75,7,3000,,"Leah Brahms, first contact, child, La Forge",Winrich Kolbe,,Thomas Kartozian,,,Maurice Hurley,,,,,11.7,,,11/3/1991,14/1/2019,2:30:00,0:21:55,2:08:05,0.15,0.85,
Night Terrors,17,4,TNG,4,,3,Meh,Troi,B.Crusher,3.5,7.1,3012,,"trapped, rift, hallucinations, paranoia",Les Landau,,Shari Goodhartz,,,Pamela Douglas,Jeri Taylor,,,,11.2,,,18/3/1991,21/1/2019,2:33:00,0:41:00,1:52:00,0.27,0.73,
Identity Crisis,18,4,TNG,6.5,,6,No,B.Crusher,B.Crusher,6.25,6.7,2850,,"parasite, alien species, transformation",Winrich Kolbe,,Timothy DeHaas,,,Brannon Braga,,,,,10.9,,,25/3/1991,28/1/2019,2:12:00,0:44:00,1:28:00,0.33,0.67,
The Nth Degree,19,4,TNG,7,,7.5,Yes,Barclay,Barclay,7.25,8,3290,,"Barclay, energy surge, shuttlecraft, intelligence",Robert Legato,,Joe Menowsky,,,,,,,,11,,,1/4/1991,4/2/2019,1:45:00,0:25:00,1:20:00,0.24,0.76,
Qpid,20,4,TNG,2,No,2,No,Nobody,Nobody,2,7.2,3192,,"Q, debt, historical, challenge",Cliff Bole,,Randee Russell,Ira Steven Behr,,Ira Steven Behr,,,,,10.8,,,22/4/1991,11/2/2019,2:13:00,0:30:00,1:43:00,0.23,0.77,
The Drumhead,21,4,TNG,9.8,Yes,8.5,Yes,Picard,Picard,9.15,8.4,3890,,"admiral, retired, treason, trial, courtroom",Jonathan Frakes,,Jeri Taylor,,,,,,,,10.5,,,29/4/1991,18/2/2019,2:32:00,0:35:00,1:57:00,0.23,0.77,Ask Frakes 2
Half a Life,22,4,TNG,3.5,No,5,No,O'Brien,Picard,4.25,7.3,3088,,"Luxwana, suicidal, ritual, marriage, romance",Les Landau,,Ted Roberts,Peter Allan Fields,,Peter Allan Fields,,,,,,,,6/5/1991,25/2/2019,1:55:00,0:28:00,1:27:00,0.24,0.76,First Frank Sinatra date
The Host,23,4,TNG,6.5,,7.5,Yes,Riker,B.Crusher,7,6.4,2854,,"Beverly Crusher, romance, stranger",Marvin V. Rush,,Michel Horvat,,,,,,,,11.3,,,13/5/1991,4/3/2019,2:36:00,0:24:00,2:12:00,0.15,0.85,
The Mind's Eye,24,4,TNG,5.5,Yes,6.5,Yes,Data,Data,6,7.7,2955,,"La Forge, brainwashed, Romulan, Klingon, war",David Livingston,,Ken Schafer,Rene Echevarria,,Rene Echevarria,,,,,10.1,,,27/5/1991,11/3/2019,1:54:00,0:30:00,1:24:00,0.26,0.74,Andy formally asked if he would watch episode
In Theory,25,4,TNG,8,Yes,7.5,Yes,Picard,Picard,7.75,7.1,2923,,"Data, romance, dangerous, nebula",Patrick Stewart,,Joe Menowsky,Ronald D. Moore,,,,,,,9.8,,,3/6/1991,25/3/2019,1:52:00,0:25:00,1:27:00,0.22,0.78,
"Redemption, Part I",26,4,TNG,8.5,Yes,8,Yes,Worf,Worf,8.25,8.4,3214,,"Worf, Picard, Klingon, dishonor, civil war",Cliff Bole,,Ronald D. Moore,,,,,,,,10.9,,,17/6/1991,1/4/2019,1:46:00,0:21:00,1:25:00,0.2,0.8,
"Redemption, Part II",1,5,TNG,9,Yes,6.5,Yes,La Forge,Data,7.75,8.4,3250,,"Worf, Klingon, civil war, Romulans, Picard",David Carson,,Ronald D. Moore,,,,,,,,,,,23/9/1991,8/4/2019,2:01:00,0:45:00,1:16:00,0.37,0.63,
Darmok,2,5,TNG,6.5,Yes,7,Yes,Picard,Picard,6.75,8.7,4784,,"metaphor, mystery, capture, Picard, communication",Winrich Kolbe,,Philip LaZebnik,Joe Menosky,,Joe Menosky,,,,,,,,30/9/1991,22/4/2019,1:51:00,0:48:00,1:03:00,0.43,0.57,
Ensign Ro,3,5,TNG,8.5,Yes,7,Yes,Ro,Ro,7.75,7.8,3175,,"Ro, Bajoran, Cardassian, foil, plot",Les Landau,,Rick Berman,Michael Piller,,Michael Piller,,,,,11.6,,,7/10/1991,23/5/2019,1:50:00,0:33:00,1:17:00,0.3,0.7,
Silicon Avatar,4,5,TNG,8,Yes,8.5,Yes,Data,Data,8.25,7.2,2936,,"Crystalline Entity, scientist, attack, agenda, settlers",Cliff Bole,,Lawrence V.Conley,,,Jeri Taylor,,,,,12,,,14/10/1991,5/6/2019,2:08:00,0:41:56,1:26:04,0.33,0.67,
Disaster,5,5,TNG,7,,7,Yes,Troi,Troi,7,7.9,3357,,"quantum, collision, Troi, damaged, endangered",Gabrielle Beaumont,,Ron Jarvis,Philip A. Scorza,,Ronald D. Moore,,,,,12.3,,,21/10/1991,29/6/2019,2:34:00,0:31:00,2:03:00,0.2,0.8,
The Game,6,5,TNG,3,,3,Yes,Robin Leffler,W.Crusher,3,7.4,3320,,"Wesley Crusher, vacation, Starfleet Academy, mysterious, mind control",Corey Allen,,Susan Sackett,Fred Bronson,Brannon Braga,Brannon Braga,,,,,13.4,,,28/10/1991,29/7/2019,2:10:00,0:23:30,1:46:30,0.18,0.82,
"Unification, Part I",7,5,TNG,9,,9,Yes,Picard,B.Crusher,9,8.2,3326,,"Spock, Vulcan, Romulan, dangerous mission",Les Landau,,Rick Berman,Michael Piller,,Jeri Taylor,,,,,15.4,,,4/11/1991,26/8/2019,2:12:00,0:42:00,1:30:00,0.32,0.68,
"Unification, Part II",8,5,TNG,9,,8,Yes,Data,Data,8.5,8.3,3300,,"Spock, Vulcan, Romulan, dangerous mission",,,Rick Berman,Michael Piller,,Michael Piller,,,,,15.4,,,11/11/1991,16/9/2019,1:56:00,0:36:00,1:20:00,0.31,0.69,
A Matter of Time,9,5,TNG,3,,7.5,Yes,La Forge,La Forge,5.25,7.2,2950,,"asteroid, catastrophic, historian, kidnap",,,,,,,,,,,13.9,,,18/11/1991,28/10/2019,2:26:00,0:40:00,1:46:00,0.27,0.73,
New Ground,10,5,TNG,2.5,,3,No,Picard,Picard,2.75,6.5,2678,,"new theory, transportation, Alexander, Worf, Geordi La Forge",,,,,,,,,,,11.9,,,30/12/1991,1/12/2019,2:02:00,0:34:00,1:28:00,0.28,0.72,
Hero Worship,11,5,TNG,4.5,,4.5,No,Data,Data,4.5,6.6,2798,,"orphan, Data, mimic, trauma",,,,,,,,,,,12.7,,,6/1/1992,23/12/2019,1:50:00,0:33:00,1:17:00,0.3,0.7,
Violations,12,5,TNG,3,,2,No,La Forge,La Forge,2.5,6.2,2674,,"mind-probe, coma, Troi, recall",,,,,,,,,,,12.1,,,27/1/1992,27/1/2020,1:35:00,0:24:00,1:11:00,0.25,0.75,
The Masterpiece Society,13,5,TNG,4.5,,4,No,La Forge,La Forge,4.25,6.7,2745,,"isolated society, eugenics, annihilation",,,,,,,,,,,12,,,3/2/1992,17/2/2020,1:43:00,0:30:00,1:13:00,0.29,0.71,
Conundrum,14,5,TNG,9.5,,8.5,Yes,Picard,Picard,9,8.2,3365,,"alien ship, wiped memory, recall",,,,,,,,,,,12.2,,,10/2/1992,24/3/2020,1:51:00,0:27:00,1:24:00,0.24,0.76,
Power Play,15,5,TNG,7,,5,Meh,B.Crusher,B.Crusher,6,7.3,2847,,"long-lost ship, cosmic storms, bad landing",,,,,,,,,,,13.2,,,17/2/1992,31/3/2020,1:41:00,0:39:30,1:01:30,0.39,0.61,
Ethics,16,5,TNG,6.5,,6.5,Meh,Dr. Russell,Riker,6.5,7.2,2891,,"accident, Worf, suicide, Riker",,,,,,,,,,,12.6,,,24/2/1992,8/4/2020,1:39:00,0:30:00,1:09:00,0.3,0.7,
The Outcast,17,5,TNG,8,,7,Yes,Riker,Riker,7.5,6.8,3145,,"androgynous, Riker, romance, gender",,,,,,,,,,,12.3,,,16/3/1992,16/4/2020,2:04:00,0:28:00,1:36:00,0.23,0.77,
Cause and Effect,18,5,TNG,10,,9,Yes,B.Crusher,B.Crusher,9.5,8.9,4466,,"time loop, destruction, alternative",,,,,,,,,,,13,,,23/3/1992,23/4/2020,2:12:00,0:33:00,1:39:00,0.25,0.75,Request for theme to watch episode
The First Duty,19,5,TNG,7.5,,9,Yes,Picard,Picard,8.25,7.8,3127,,"Wesley Crusher, accident, Starfleet Academy, trial, investigation",,,,,,,,,,,12.1,,,30/3/1992,30/4/2020,2:54:00,0:32:24,2:21:36,0.19,0.81,
Cost of Living,20,5,TNG,1,,1.5,No,Data,Data,1.25,6.1,2686,,"parasites, Lwuxana, Alexander, marriage, Worf",,,,,,,,,,,11.7,,,20/4/1992,8/5/2020,2:08:00,0:33:00,1:35:00,0.26,0.74,
The Perfect Mate,21,5,TNG,8.5,,3.5,Meh,Picard,Picard,6,7.3,3133,,"Ferengi, diplomat, empathic, marriage, bond",,,,,,,,,,,10.8,,,27/4/1992,13/5/2020,2:26:00,0:36:00,1:50:00,0.25,0.75,
Imaginary Friend,22,5,TNG,2.5,,1.5,No,Clara Sutter,Clara Sutter,2,6,2693,,"dangerous, life form, imaginary friend, girl",,,,,,,,,,,12.1,,,4/5/1992,21/5/2020,1:50:00,0:36:29,1:13:31,0.33,0.67,
"I, Borg",23,5,TNG,9.5,,10,,B.Crusher,B.Crusher,9.75,8.8,4036,,"Borg, drone, separate, individuality, collective",,,,,,,,,,,12.8,,,11/5/1992,28/5/2020,2:09:00,0:36:00,1:33:00,0.28,0.72,
The Next Phase,24,5,TNG,9,,9,,,,9,8.3,3232,,"transporter malfunction, Romulan, Ro, Geordi",,,,,,,,,,,11.7,,,18/5/1992,5/6/2020,1:58:00,0:22:00,1:36:00,0.19,0.81,
The Inner Light,25,5,TNG,10,,10,,,,10,9.4,7733,,"Picard, alternative life, alien, mysterious, history",,,,,,,,,,,11.1,,,1/6/1992,12/6/2020,2:17:00,0:42:49,1:34:11,0.31,0.69,
"Time's Arrow, Part I",26,5,TNG,7,,7,,,,7,8.4,3429,,"archaeology, Earth, Data, 19th Century, alien visitors",,,,,,,,,,,11.8,,,15/6/1992,19/6/2020,1:46:00,0:30:30,1:15:30,0.29,0.71,
"Time's Arrow, Part II",1,6,TNG,,,,,,,0,8.2,3404,,"Data, Earth, 19th Century, alien visitors, Picard",,,,,,,,,,,13.8,,,19/9/1992,1/7/2020,1:55:00,0:30:00,1:25:00,0.26,0.74,
Realm of Fear,2,6,TNG,,,,,,,0,7.2,2791,,"transporter, Barclay, fear",,,,,,,,,,,13.2,,,26/9/1992,9/7/2020,1:54:00,0:43:00,1:11:00,0.38,0.62,
Man of the People,3,6,TNG,,,,,,,0,5.7,2681,,"Deanna, romance, ambassador",,,,,,,,,,,13.2,,,3/10/1992,18/7/2020,1:47:00,0:35:00,1:12:00,0.33,0.67,
Relics,4,6,TNG,,,,,,,0,8.5,3687,,"crashed ship, Scotty, away team, transporter",,,,,,,,,,,13.9,,,10/10/1992,24/7/2020,2:07:00,0:38:00,1:29:00,0.3,0.7,
Schisms,5,6,TNG,,,,,,,0,7.5,2938,,"Riker, sleep, mystery, time",,,,,,,,,,,13.2,,,17/10/1992,31/7/2020,2:52:00,1:15:00,1:37:00,0.44,0.56,
True Q,6,6,TNG,,,,,,,0,7.4,2957,,"Q, student, special powers",,,,,,,,,,,13.7,,,24/10/1992,5/8/2020,1:48:00,0:34:00,1:14:00,0.31,0.69,
Rascals,7,6,TNG,,,,,,,0,7.3,3068,,"children, Ferengi, emergency beam",,,,,,,,,,,13.5,,,31/10/1992,17/8/2020,2:06:00,0:50:37,1:15:23,0.4,0.6,
A Fistful of Datas,8,6,TNG,,,,,,,0,7.4,3007,,"Old West, Worf, Data, holodeck",,,,,,,,,,,13.4,,,7/11/1992,20/8/2020,1:49:00,0:41:00,1:08:00,0.38,0.62,
The Quality of Life,9,6,TNG,,,,,,,0,7.4,2745,,"experimental, AI, new technology",,,,,,,,,,,13.2,,,14/11/1992,27/8/2020,2:21:00,0:55:00,1:26:00,0.39,0.61,
"Chain of Command, Part I",10,6,TNG,,,,,,,0,8.3,3429,,"top-secret mission, Jellico, Picard, kidnap, Cardassian",,,,,,,,,,,10.2,,,12/12/1992,4/9/2020,2:38:00,0:57:00,1:41:00,0.36,0.64,
"Chain of Command, Part II",11,6,TNG,,,,,,,0,8.9,3759,,"Jellico, Picard, kidnap, Cardassian, torture",,,,,,,,,,,12.9,,,19/12/1992,11/9/2020,2:05:00,0:42:00,1:23:00,0.34,0.66,
Ship in a Bottle,12,6,TNG,,,,,,,0,8.5,3425,,"Moriarty, Barclay, holodeck",,,,,,,,,,,11.3,,,23/1/1993,19/9/2020,2:17:00,0:47:00,1:30:00,0.34,0.66,
Aquiel,13,6,TNG,,,,,,,0,6,2657,,,,,,,,,,,,,14.1,,,30/1/1993,27/9/2020,2:14:00,1:03:00,1:11:00,0.47,0.53,
Face of the Enemy,14,6,TNG,,,,,,,0,8,3027,,,,,,,,,,,,,13.1,,,6/2/1993,1/10/2020,2:18:00,0:33:00,1:45:00,0.24,0.76,
Tapestry,15,6,TNG,,,,,,,0,8.8,4036,,,,,,,,,,,,,13.8,,,13/2/1993,9/10/2020,1:54:00,0:30:00,1:24:00,0.26,0.74,
"Birthright, Part I",16,6,TNG,,,,,,,0,7.5,2758,,,,,,,,,,,,,13.2,,,20/2/1993,15/10/2020,1:46:00,0:51:00,0:55:00,0.48,0.52,
"Birthright, Part II",17,6,TNG,,,,,,,0,7.3,2732,,,,,,,,,,,,,13.4,,,27/2/1993,23/10/2020,1:31:00,0:30:00,1:01:00,0.33,0.67,
Starship Mine,18,6,TNG,,,,,,,0,7.9,3044,,,,,,,,,,,,,,,,,30/10/2020,2:21:00,0:44:00,1:37:00,0.31,0.69,
Lessons,19,6,TNG,,,,,,,0,7.5,3006,,,,,,,,,,,,,,,,,5/11/2020,1:58:00,0:34:00,1:24:00,0.29,0.71,
The Chase,20,6,TNG,,,,,,,0,8,3173,,,,,,,,,,,,,,,,,16/11/2020,2:00:00,0:45:00,1:15:00,0.38,0.62,
Frame of Mind,21,6,TNG,,,,,,,0,8.1,3198,,,,,,,,,,,,,,,,,27/11/2020,2:08:00,0:40:00,1:28:00,0.31,0.69,
Suspicions,22,6,TNG,,,,,,,0,7.1,2622,,,,,,,,,,,,,,,,,11/12/2020,1:52:00,0:39:00,1:13:00,0.35,0.65,
Rightful Heir,23,6,TNG,,,,,,,0,7.8,2529,,,,,,,,,,,,,,,,,28/12/2020,2:18:00,0:43:00,1:35:00,0.31,0.69,
Second Chances,24,6,TNG,,,,,,,0,7.5,2749,,,,,,,,,,,,,,,,,22/2/2021,2:23:00,0:56:00,1:27:00,0.39,0.61,
Timescape,25,6,TNG,,,,,,,0,8.5,3186,,,,,,,,,,,,,,,,,28/3/2021,2:07:00,0:53:00,1:14:00,0.42,0.58,
"Descent, Part I",26,6,TNG,,,,,,,0,8.1,2877,,,,,,,,,,,,,,,,,26/4/2021,2:08:00,0:46:00,1:22:00,0.36,0.64,
"Descent, Part II",1,7,TNG,,,,,,,0,7.7,2930,,,,,,,,,,,,,,,,,6/5/2021,2:33:00,0:58:00,1:35:00,0.38,0.62,
Liaisons,2,7,TNG,,,,,,,0,6.6,2568,,,,,,,,,,,,,,,,,1/7/2021,2:28:00,0:46:00,1:42:00,0.31,0.69,
Interface,3,7,TNG,,,,,,,0,6.2,2480,,,,,,,,,,,,,,,,,24/7/2021,2:15:00,0:43:41,1:31:19,0.32,0.68,
"Gambit, Part I",4,7,TNG,,,,,,,0,7.8,2832,,,,,,,,,,,,,,,,,10/8/2021,2:25:00,0:43:00,1:42:00,0.3,0.7,
"Gambit, Part II",5,7,TNG,,,,,,,0,7.9,2828,,,,,,,,,,,,,,,,,1/9/2021,2:40:00,0:55:00,1:45:00,0.34,0.66,
Phantasms,6,7,TNG,,,,,,,0,7.5,2769,,,,,,,,,,,,,,,,,17/9/2021,2:32:00,0:58:00,1:34:00,0.38,0.62,
Dark Page,7,7,TNG,,,,,,,0,6.4,2718,,,,,,,,,,,,,,,,,28/9/2021,2:42:00,0:55:00,1:47:00,0.34,0.66,
Attached,8,7,TNG,,,,,,,0,7.5,2686,,,,,,,,,,,,,,,,,13/10/2021,1:53:00,0:40:00,1:13:00,0.35,0.65,
Force of Nature,9,7,TNG,,,,,,,0,6.4,2593,,,,,,,,,,,,,,,,,25/10/2021,2:07:00,0:40:00,1:27:00,0.31,0.69,
Inheritance,10,7,TNG,,,,,,,0,7.5,2683,,,,,,,,,,,,,,,,,31/10/2021,2:49:00,0:50:00,1:59:00,0.3,0.7,
Parallels,11,7,TNG,,,,,,,0,8.8,3600,,,,,,,,,,,,,,,,,13/11/2021,2:09:00,0:51:00,1:18:00,0.4,0.6,
The Pegasus,12,7,TNG,,,,,,,0,8.5,3197,,,,,,,,,,,,,,,,,26/12/2021,2:51:00,,2:51:00,0:00:00,0:00:00,
Homeward,13,7,TNG,,,,,,,0,7,2581,,,,,,,,,,,,,,,,,17/1/2022,2:15:00,1:01:23,1:13:37,0.45,0.55,
Sub Rosa,14,7,TNG,,,,,,,0,4.8,3063,,,,,,,,,,,,,,,,,9/2/2022,2:26:00,0:59:00,1:27:00,0.4,0.6,
Lower Decks,15,7,TNG,,,,,,,0,8.7,3859,,,,,,,,,,,,,,,,,23/2/2022,2:11:00,0:49:00,1:22:00,0.37,0.63,
Thine Own Self,16,7,TNG,,,,,,,0,7.8,2850,,,,,,,,,,,,,,,,,1/3/2022,1:49:00,0:40:00,1:09:00,0.37,0.63,
Masks,17,7,TNG,,,,,,,0,5.8,2829,,,,,,,,,,,,,,,,,9/3/2022,1:45:00,0:47:00,0:58:00,0.45,0.55,
Eye of the Beholder,18,7,TNG,,,,,,,0,6.6,2511,,,,,,,,,,,,,,,,,18/3/2022,1:39:00,0:50:00,0:49:00,0.51,0.49,
Genesis,19,7,TNG,,,,,,,0,7,2853,,,,,,,,,,,,,,,,,24/3/2022,1:49:00,0:32:00,1:17:00,0.29,0.71,
Journey's End,20,7,TNG,,,,,,,0,6.3,2675,,,,,,,,,,,,,,,,,1/4/2022,1:39:00,0:40:00,0:59:00,0.4,0.6,
Firstborn,21,7,TNG,,,,,,,0,6.7,2423,,,,,,,,,,,,,,,,,7/4/2022,1:50:00,0:40:00,1:10:00,0.36,0.64,
Bloodlines,22,7,TNG,,,,,,,0,6.5,2363,,,,,,,,,,,,,,,,,15/4/2022,1:48:00,0:40:00,1:08:00,0.37,0.63,
Emergence,23,7,TNG,,,,,,,0,6.5,2408,,,,,,,,,,,,,,,,,3/5/2022,2:00:00,1:00:00,1:00:00,0.5,0.5,
Preemptive Strike,24,7,TNG,,,,,,,0,7.9,2666,,,,,,,,,,,,,,,,,16/5/2022,2:13:00,0:57:15,1:15:45,0.43,0.57,
"All Good Things..., Part I",25,7,TNG,,,,,,,0,9.1,8973,,,,,,,,,,,,,,,,,21/6/2022,4:40:00,1:44:00,2:56:00,0.37,0.63,
"All Good Things..., Part II",26,7,TNG,,,,,,,0,9.1,8973,,,,,,,,,,,,,,,,,21/6/2022,4:40:00,1:44:00,2:56:00,0.37,0.63,
"Broken Bow, Parts 1 & 2",1,1,ENT,8,Yes,7,Yes,T'Pol,Archer,7.5,7.7,4603,,,James L.Conway,,Rick Berman,Brannon Braga,,,,,,,12.54,,16/4/2151,26/9/2001,29/3/2020,1:29:00,,1:29:00,0:00:00,0:00:00,
Fight or Flight,3,1,ENT,7,Yes,7,Yes,Hoshi,Hoshi,7,7,1850,,,Allan Kroeker,,Rick Berman,Brannon Braga,,,,,,,9.18,,6/5/2151,3/10/2001,17/4/2020,1:31:00,,1:31:00,0:00:00,0:00:00,
Strange New World,4,1,ENT,6,Yes,5.5,Meh,T'Pol,T'Pol,5.75,7,1843,,,David Livingston,,Mike Sussman,Phyllis Strong,,Rick Berman,Brannon Braga,,,,7.81,,not known,10/10/2001,26/5/2020,1:37:00,,1:37:00,0:00:00,0:00:00,
Unexpected ,5,1,ENT,5.5,Yes,2,No,Archer,T'Pol,3.75,7.2,1886,,,Mike Vejar,,Rick Berman,Brannon Braga,,,,,,,8.16,,not known,17/10/2001,21/6/2020,1:40:00,,1:40:00,0:00:00,0:00:00,
Terra Nova,6,1,ENT,6.5,Yes,6,Yes,Archer,Archer,6.25,6.5,1787,,,LeVar Burton,,Rick Berman,Brannon Braga,,Antoinette Stella,,,,,8.35,,not known,24/10/2001,28/7/2020,1:57:00,,1:57:00,0:00:00,0:00:00,
The Andorian Incident,7,1,ENT,9,Yes,9,Yes,Reed,Archer,9,8,1933,,,Roxann Dawson,,Rick Berman,Brannon Braga,Fred Dekker,Fred Dekker,,,,,7.19,,19/6/2151,31/10/2001,28/8/2020,1:49:00,,1:49:00,0:00:00,0:00:00,
Breaking The Ice,8,1,ENT,5.5,Yes,4.5,Yes,T'Pol,T'Pol,5,7.1,1721,,,Terry Windell,,Andre Jacquemetton,Maria Jacquemetton,,,,,,,7.36,,not known,7/11/2001,15/09/2020,1:53:00,,1:53:00,0:00:00,0:00:00,
Civilization,9,1,ENT,6.5,Yes,6.5,Yes,T'Pol,T'Pol,6.5,7.1,1740,,,Mike Vejar,,Mike Sussman,Phyllis Strong,,,,,,,7.14,,31/7/2151,14/11/2001,10/10/2020,1:42:00,,1:42:00,0:00:00,0:00:00,
Fortunate Son,10,1,ENT,5,Meh,3.5,No,Mayweather,Mayweather,4.25,6.4,1647,,,LeVar Burton,,James Duff,,,,,,,,6.11,,not known,21/11/2001,26/10/2020,1:53:00,,1:53:00,0:00:00,0:00:00,
Cold Front,11,1,ENT,5.5,Yes,6,Yes,Daniels,Archer,5.75,7.6,1721,,,Robert Duncan McNeill,,Stephen Beck,Tim Finch,,,,,,,7.33,,12/9/2151,28/11/2001,10/11/2020,1:50:00,,1:50:00,0:00:00,0:00:00,
Silent Enemy,12,1,ENT,5.5,Yes,5,Meh,Reed,Reed,5.25,7.5,1701,,,Winrich Kolbe,,Andre Bormanis,,,,,,,,6.11,,1/9/2151,16/1/2002,23/11/2020,2:16:00,,2:16:00,0:00:00,0:00:00,
Dear Doctor,13,1,ENT,9.5,Yes,8.5,Yes,Phlox,Phlox,9,8,1900,,,James A.Contner,,Andre Jacquemetton,Maria Jacquemetton,,,,,,,5.65,,not known,23/1/2002,6/12/2020,2:02:00,,2:02:00,0:00:00,0:00:00,
Sleeping Dogs,14,1,ENT,6.5,Yes,6.5,Yes,Trip,Hoshi,6.5,7.1,1589,,,Les Landau,,Fred Dekker,,,,,,,,6.5,,not known,30/1/2002,23/12/2020,1:38:00,,1:38:00,0:00:00,0:00:00,
Shadows of P'Jem,15,1,ENT,7,Yes,7,Yes,T'Pol,T'Pol,7,7.7,1668,,,Mike Vejar,,Rick Berman,Brannon Braga,,Mike Sussman,Phyllis Strong,,,,6.05,,not known,6/2/2002,7/1/2021,1:27:00,,1:27:00,0:00:00,0:00:00,
Shuttlepod One,16,1,ENT,4.5,Meh,6,Yes,Trip,Trip,5.25,7.3,1728,,,David Livingston,,Rick Berman,Brannon Braga,,,,,,,5.33,,9/11/2151,13/2/2002,29/1/2021,1:34:00,,1:34:00,0:00:00,0:00:00,
Fusion,17,1,ENT,2.5,No,2,No,Trip,Trip,2.25,7,1617,,,Rob Hedden,,Rick Berman,Brannon Braga,,Mike Sussman,Phyllis Strong,,,,4.49,,not known,27/2/2002,17/2/2021,1:52:00,,1:52:00,0:00:00,0:00:00,
Rogue Planet,18,1,ENT,3,No,3,No,Phlox,Phlox,3,6.5,1602,,,Allan Kroeker,,Rick Berman,Brannon Braga,Chris Black,Chris Black,,,,,4.69,,not known,20/3/2002,28/2/2021,2:00:00,,2:00:00,0:00:00,0:00:00,
Acquisition,19,1,ENT,4.5,No,4,No,T'Pol,T'Pol,4.25,7.5,1740,,,"James Whitmore, Jr.",,Rick Berman,Brannon Braga,,Andre Jacquemetton,Maria Jacquemetton,,,,5.45,,not known,27/3/2002,12/3/2021,1:41:00,,1:41:00,0:00:00,0:00:00,
Oasis,20,1,ENT,3,No,3,No,Trip,T'Pol,3,7,1592,,,Jim Charleston,,Rick Berman,Brannon Braga,Stephen Beck,Stephen Beck,,,,,5.64,,not known,3/4/2002,28/3/2021,1:44:00,,1:44:00,0:00:00,0:00:00,
Detained,21,1,ENT,7,Yes,6.5,Yes,Archer,Archer,6.75,7.3,1560,,,David Livingston,,Rick Berman,Brannon Braga,,Mike Sussman,Phyllis Strong,,,,4.88,,not known,24/4/2002,11/4/2021,1:47:00,,1:47:00,0:00:00,0:00:00,
Vox Sola,22,1,ENT,4,No,3,No,Hoshi,Hoshi,3.5,6.7,1561,,,Roxann Dawson,,Rick Berman,Brannon Braga,Fred Dekker,Fred Dekker,,,,,5.4,,not known,1/5/2002,27/4/2021,1:34:00,,1:34:00,0:00:00,0:00:00,
Fallen Hero,23,1,ENT,7.5,Yes,7.5,Yes,Archer,Archer,7.5,8,1673,,,Patrick Norris,,Rick Berman,Brannon Braga,Chris Black,Allan Cross,,,,,5.34,,9/2/2152,8/5/2002,15/5/2021,2:15:00,,2:15:00,0:00:00,0:00:00,
Desert Crossing,24,1,ENT,4.5,No,5,Yes,T'Pol,T'Pol,4.75,6.9,1529,,,David Straiton,,Rick Berman,Brannon Braga,Andre Bormanis,Andre Bormanis,,,,,4.68,,12/2/2152,8/5/2002,27/5/2021,1:37:00,,1:37:00,0:00:00,0:00:00,
Two Days and Two Nights,25,1,ENT,3,No,3,No,Phlox,Phlox,3,6.6,1602,,,Michael Dorn,,Rick Berman,Brannon Braga,Chris Black,Chris Black,,,,,5.26,,18/2/2152,15/5/2002,19/6/2021,2:17:00,,2:17:00,0:00:00,0:00:00,
Shockwave Part 1,26,1,ENT,9,Yes,8,Yes,Daniels,Daniels,8.5,8.4,1664,,,Allan Kroeker,,Rick Berman,Brannon Braga,,,,,,,5.28,,not known,22/05/2002,25/6/2021,1:44:00,,1:44:00,0:00:00,0:00:00,
"Shockwave, Part II",1,2,ENT,6,Yes,6,Yes,T'Pol,Archer,6,8.2,2170,,,Allan Kroeker,,Rick Berman,Brannon Braga,,,,,,,4.89,,not known,18/09/2002,19/7/2021,2:01:19,0:54:00,1:07:19,0.45,0.55,
Carbon Creek,2,2,ENT,4,No,4,No,Archer,Archer,4,8.5,2133,,,James A.Contner,,Rick Berman,Brannon Braga,Dan O'Shannon,Chris Black,,,,,4.84,,12/4/2152,25/09/2002,8/8/2021,1:38:10,0:36:30,1:01:40,0.37,0.63,
Minefield,3,2,ENT,8.5,Yes,7,Meh,Archer,Archer,7.75,7.4,1609,,,James A.Contner,,John Shiban,,,,,,,,5.25,,not known,2/10/2002,9/9/2021,1:50:00,0:39:59,1:10:01,0.36,0.64,
Dead Stop,4,2,ENT,7.5,Yes,7,Yes,Phlox,Phlox,7.25,8,1724,,,Roxann Dawson,,Mike Sussman,Phyllis Strong,,,,,,,5.41,,not known,9/10/2002,4/10/2021,2:08:33,0:41:45,1:26:48,0.32,0.68,
A Night in Sickbay,5,2,ENT,5,Yes,5,Meh,Phlox,Phlox,5,6.6,1704,,,David Straiton,,Rick Berman,Brannon Braga,,,,,,,6.25,,not known,16/10/2002,6/11/2021,1:36:10,0:27:38,1:08:32,0.29,0.71,
Marauders,6,2,ENT,4,No,3.5,Meh,T'Pol,T'Pol,3.75,6.6,1560,,,Mike Vejar,,Rick Berman,Brannon Braga,,David Wilcox,,,,,5.6,,not known,30/10/2002,8/12/2021,1:44:29,0:44:55,0:59:34,0.43,0.57,
The Seventh,7,2,ENT,5,Yes,4,Meh,Mayweather,Mayweather,4.5,6.8,1491,,,David Livingston,,Rick Berman,Brannon Braga,,,,,,,4.82,,not known,6/11/2002,17/1/2022,1:42:28,0:43:23,0:59:05,0.42,0.58,
The Communicator,8,2,ENT,6.5,Yes,6.5,Yes,Mayweather,Mayweather,6.5,6.9,1496,,,James A.Contner,,Rick Berman,Brannon Braga,,,,,,,4.46,,not known,13/11/2002,15/2/2022,1:42:36,0:37:18,1:05:18,0.36,0.64,
Singularity,9,2,ENT,5.5,Yes,5.5,Yes,Reed,T'Pol,5.5,7.4,1533,,,Patrick Norris,,Chris Black,,,,,,,,4.83,,14/4/2152,20/11/2002,7/3/2022,1:35:44,0:33:50,1:01:54,0.35,0.65,
Vanishing Point,10,2,ENT,2,No,2,No,Reed,Reed,2,6.9,1540,,,David Straiton,,Rick Berman,Brannon Braga,,,,,,,3.78,,not known,27/11/2002,9/4/2022,1:27:16,0:32:58,0:54:18,0.38,0.62,
Precious Cargo,11,2,ENT,2,No,2,No,Trip,Trip,2,6.4,1598,,,David Livingston,,Rick Berman,Brannon Braga,David A.Goodman,,,,,,4.67,,12/9/2152,11/12/2002,12/5/2022,1:29:36,0:27:30,1:02:06,0.31,0.69,
The Catwalk,12,2,ENT,8,Yes,7,Yes,Trip,Trip,7.5,7.4,1514,,,Mike Vejar,,Mike Sussman,Phyllis Strong,,,,,,,4.73,,18/9/2152,18/12/2002,8/6/2022,2:02:23,1:03:00,0:59:23,0.51,0.49,
Dawn,13,2,ENT,6,Yes,5.5,Yes,Trip,Trip,5.75,7.3,1497,,,Roxann Dawson,,David Shiban,,,,,,,,3.99,,not known,8/1/2003,11/7/2022,1:38:46,0:47:13,0:51:33,0.48,0.52,
Stigma,14,2,ENT,6.5,Yes,6.5,Yes,Archer,Archer,6.5,7.4,1575,,,David Livingston,,Rick Berman,Brannon Braga,,,,,,,4.4,,not known,5/2/2003,18/8/2022,1:43:53,,1:43:53,0:00:00,0:00:00,
Cease Fire,15,2,ENT,9,Yes,9,Yes,Archer,Archer,9,7.9,1582,,,David Straiton,,Chris Black,,,,,,,,4.78,,not known,12/2/2003,16/9/2022,1:36:07,0:22:30,1:13:37,0.23,0.77,
Future Tense,16,2,ENT,9,Yes,9,Yes,Archer,Archer,9,8.1,1561,,,"James Whitmore, Jr.",,Mike Sussman,Phyllis Strong,,,,,,,4.62,,not known,19/2/2003,5/10/2022,1:37:55,0:36:00,1:01:55,0.37,0.63,
Canamar,17,2,ENT,7.5,Yes,6,Yes,Archer,Archer,6.75,6.8,1430,,,Allan Kroeker,,John Shiban,,,,,,,,4.1,,not known,26/2/2003,18/10/2022,1:27:55,0:27:30,1:00:25,0.31,0.69,
The Crossing,18,2,ENT,5,Yes,5,No,Phlox,Phlox,5,6.9,1448,,,David Livingston,,Andre Bormanis,Rick Berman,Brannon Braga,Rick Berman,Brannon Braga,,,,3.85,,not known,2/4/2003,24/10/2022,1:39:54,0:34:00,1:05:54,0.34,0.66,
Judgement,19,2,ENT,8,Yes,8,Yes,T'Pol,T'Pol,8,7.6,1532,,,James L.Conway,,Taylor Elmore,David A.Goodman,,David A.Goodman,,,,,3.69,,not known,9/4/2003,1/11/2022,1:50:33,0:54:20,0:56:13,0.49,0.51,
Horizon,20,2,ENT,4.5,No,4.5,No,Mayweather ,Mayweather ,4.5,6.5,1428,,,James A.Contner,,Andre Bormanis,,,,,,,,3.36,,12/1/2153,16/4/2003,2/11/2022,1:42:31,0:37:35,1:04:56,0.37,0.63,
The Breach,21,2,ENT,6,Meh,5,Meh,Mayweather ,Mayweather ,5.5,7,1394,,,Robert Duncan McNeill,,Daniel McCarthy,,,Chris Black,John Shiban,,,,3.19,,not known,23/4/2003,13/11/2022,1:35:41,0:33:30,1:02:11,0.35,0.65,
Cogenitor,22,2,ENT,9,Yes,9,Yes,Trip,T'Pol,9,7.6,1832,,,LeVar Burton,,Rick Berman,Brannon Braga,,,,,,,4.08,,not known,30/4/2003,19/11/2022,2:25:05,,2:25:05,0:00:00,0:00:00,
Regeneration,23,2,ENT,10,Yes,9,Yes,Archer,Archer,9.5,8.5,2377,,,David Livingston,,Mike Sussman,Phyllis Strong,,,,,,,4.12,,1/3/2153,7/5/2003,27/11/2022,2:46:31,1:30:00,1:16:31,0.54,0.46,
First Flight,24,2,ENT,5.5,Yes,5,Meh,Trip,Trip,5.25,7.5,1512,,,LeVar Burton,,John Shiban,Chris Black,,,,,,,3.3,,not known,14/5/2003,4/12/2022,1:32:55,0:43:00,0:49:55,0.46,0.54,
Bounty,25,2,ENT,4,No,3,No,Phlox,Phlox,3.5,6.9,1399,,,Roxann Dawson,,Rick Berman,Brannon Braga,,Hans Tobeason,Mike Sussman,Phyllis Strong,,,3.54,,21/3/2153,14/5/2003,9/12/2022,1:35:07,,1:35:07,0:00:00,0:00:00,
The Expanse,26,2,ENT,9.5,Yes,10,Yes,Mayweather,Archer,9.75,8.3,1551,,,Allan Kroeker,,Rick Berman,Brannon Braga,,,,,,,3.88,,24/4/2153,21/5/2003,13/12/2022,1:53:00,0:39:30,1:13:30,0.35,0.65,
"The Xindi, Part 1",1,3,ENT,8.5,Yes,4,Meh,Hayes,Hayes,6.25,7.8,1550,,,Allan Kroeker,,Rick Berman,Brannon Braga,,,,,,,4.07,,not known,10/9/2003,1/1/2023,1:45:24,0:47:00,0:58:24,0.45,0.55,
Anomaly,2,3,ENT,5.5,Yes,6,Yes,Archer,Archer,5.75,7.8,1475,,,David Straiton,,Mike Sussman,,,,,,,,4.29,,not known,17/9/2003,13/1/2023,1:57:51,,1:57:51,0:00:00,0:00:00,
Extinction,3,3,ENT,4,No,3.5,No,Phlox,Phlox,3.75,6,1513,,,LeVar Burton,,Andre Bormanis,,,,,,,,4,,not known,24/9/2003,27/1/2023,1:32:12,0:43:55,0:48:17,0.48,0.52,
Rajiin,4,3,ENT,3.5,,4,,T'Pol,T'Pol,3.75,6.9,1460,,,Mike Vejar,,Paul Brown,Brent V. Friedman,,Brent V. Friedman,Chris Black,,,,4.51,,not known,1/10/2003,9/2/2023,1:33:10,0:37:45,0:55:25,0.41,0.59,
Impulse,5,3,ENT,3,,3,,Trip,Mayweather,3,7.4,1507,,,David Livingston,,Terry Matalas,Jonathan Fernandez,,Jonathan Fernandez,,,,,4.17,,not known,8/10/2003,12/5/2023,1:32:40,,1:32:40,0:00:00,0:00:00,
Exile,6,3,ENT,5.5,,3.5,,Hoshi,Hoshi,4.5,6.8,1443,,,Roxann Dawson,,Phyllis Strong,,,,,,,,3.46,,not known,15/10/2003,20/5/2023,1:29:34,,1:29:34,0:00:00,0:00:00,
The Shipment,7,3,ENT,6.5,Meh,7,Meh,Archer,Archer,6.75,7.5,1442,,,David Straiton,,Chris Black,Brent V. Friedman,,,,,,,3.7,,not known,29/10/2003,10/6/2023,1:32:00,0:32:00,1:00:00,0.35,0.65,
Twilight,8,3,ENT,,,,,,,0,8.6,1948,,,,,,,,,,,,,4.06,,not known,5/11/2003,,,,0,#DIV/0!,#DIV/0!,
North Star,9,3,ENT,,,,,,,0,6.9,1584,,,,,,,,,,,,,3.88,,,,,,,0,#DIV/0!,#DIV/0!,
Similitude,10,3,ENT,,,,,,,0,8.4,1912,,,,,,,,,,,,,,,,,,,,0,#DIV/0!,#DIV/0!,
Carpenter Street,11,3,ENT,,,,,,,0,7.4,1572,,,,,,,,,,,,,,,,,,,,0,#DIV/0!,#DIV/0!,
Chosen Realm,12,3,ENT,,,,,,,0,6.7,1484,,,,,,,,,,,,,,,,,,,,0,#DIV/0!,#DIV/0!,
Proving Ground,13,3,ENT,,,,,,,0,8.4,1567,,,,,,,,,,,,,,,,,,,,0,#DIV/0!,#DIV/0!,
Stratagem,14,3,ENT,,,,,,,0,8.1,1501,,,,,,,,,,,,,,,,,,,,0,#DIV/0!,#DIV/0!,
Harbinger,15,3,ENT,,,,,,,0,7.4,1481,,,,,,,,,,,,,,,,,,,,0,#DIV/0!,#DIV/0!,
Doctor's Orders,16,3,ENT,,,,,,,0,7.4,1486,,,,,,,,,,,,,,,,,,,,0,#DIV/0!,#DIV/0!,
Hatchery,17,3,ENT,,,,,,,0,6.6,1421,,,,,,,,,,,,,,,,,,,,0,#DIV/0!,#DIV/0!,
Azati Prime,18,3,ENT,,,,,,,0,8.5,1556,,,,,,,,,,,,,,,,,,,,0,#DIV/0!,#DIV/0!,
Damage,19,3,ENT,,,,,,,0,8.1,1473,,,,,,,,,,,,,,,,,,,,0,#DIV/0!,#DIV/0!,
The Forgotten,20,3,ENT,,,,,,,0,7.9,1443,,,,,,,,,,,,,,,,,,,,0,#DIV/0!,#DIV/0!,
E²,21,3,ENT,,,,,,,0,7.9,1513,,,,,,,,,,,,,,,,,,,,0,#DIV/0!,#DIV/0!,
The Council,22,3,ENT,,,,,,,0,8.4,1451,,,,,,,,,,,,,,,,,,,,0,#DIV/0!,#DIV/0!,
Countdown,23,3,ENT,,,,,,,0,8.5,1458,,,,,,,,,,,,,,,,,,,,0,#DIV/0!,#DIV/0!,
Zero Hour,24,3,ENT,,,,,,,0,8.5,1526,,,,,,,,,,,,,,,,,,,,0,#DIV/0!,#DIV/0!,
Storm Front (Part 1),1,4,ENT,,,,,,,0,7.3,"1,547",,,,,,,,,,,,,,,,,,,,0,#DIV/0!,#DIV/0!,
Storm Front (Part 2),2,4,ENT,,,,,,,0,7.3,"1,497",,,,,,,,,,,,,,,,,,,,0,#DIV/0!,#DIV/0!,
Home,3,4,ENT,,,,,,,0,7.8,"2,094",,,,,,,,,,,,,,,,,,,,0,#DIV/0!,#DIV/0!,
Borderland,4,4,ENT,,,,,,,0,7.8,"1,539",,,,,,,,,,,,,,,,,,,,0,#DIV/0!,#DIV/0!,
Cold Station 12,5,4,ENT,,,,,,,0,7.8,"1,455",,,,,,,,,,,,,,,,,,,,0,#DIV/0!,#DIV/0!,
The Augments,6,4,ENT,,,,,,,0,7.9,"1,479",,,,,,,,,,,,,,,,,,,,0,#DIV/0!,#DIV/0!,
The Forge,7,4,ENT,,,,,,,0,8.2,"1,483",,,,,,,,,,,,,,,,,,,,0,#DIV/0!,#DIV/0!,
Awakening,8,4,ENT,,,,,,,0,8.1,"1,455",,,,,,,,,,,,,,,,,,,,0,#DIV/0!,#DIV/0!,
Kir'Shara,9,4,ENT,,,,,,,0,8.4,"1,491",,,,,,,,,,,,,,,,,,,,0,#DIV/0!,#DIV/0!,
Daedalus,10,4,ENT,,,,,,,0,6.2,"1,425",,,,,,,,,,,,,,,,,,,,0,#DIV/0!,#DIV/0!,
Observer Effect,11,4,ENT,,,,,,,0,7.8,"1,486",,,,,,,,,,,,,,,,,,,,0,#DIV/0!,#DIV/0!,
Babel One,12,4,ENT,,,,,,,0,8.4,"1,479",,,,,,,,,,,,,,,,,,,,0,#DIV/0!,#DIV/0!,
United,13,4,ENT,,,,,,,0,8.4,"1,460",,,,,,,,,,,,,,,,,,,,0,#DIV/0!,#DIV/0!,
The Aenar,14,4,ENT,,,,,,,0,8.3,"1,450",,,,,,,,,,,,,,,,,,,,0,#DIV/0!,#DIV/0!,
Affliction,15,4,ENT,,,,,,,0,7.9,"1,405",,,,,,,,,,,,,,,,,,,,0,#DIV/0!,#DIV/0!,
Divergence,16,4,ENT,,,,,,,0,7.9,"1,378",,,,,,,,,,,,,,,,,,,,0,#DIV/0!,#DIV/0!,
Bound,17,4,ENT,,,,,,,0,6.8,"1,424",,,,,,,,,,,,,,,,,,,,0,#DIV/0!,#DIV/0!,
"In a Mirror, Darkly (Part 1)",18,4,ENT,,,,,,,0,8.3,"1,840",,,,,,,,,,,,,,,,,,,,0,#DIV/0!,#DIV/0!,
"In a Mirror, Darkly (Part 2)",19,4,ENT,,,,,,,0,8.2,"1,741",,,,,,,,,,,,,,,,,,,,0,#DIV/0!,#DIV/0!,
Demons,20,4,ENT,,,,,,,0,7.6,"1,386",,,,,,,,,,,,,,,,,,,,0,#DIV/0!,#DIV/0!,
Terra Prime,21,4,ENT,,,,,,,0,8.1,"1,478",,,,,,,,,,,,,,,,,,,,0,#DIV/0!,#DIV/0!,
These Are the Voyages...,22,4,ENT,,,,,,,0,5.3,"2,343",,,,,,,,,,,,,,,,,,,,0,#DIV/0!,#DIV/0!,
Remembrance,1,1,PIC,8,,8,,Dahj,Necklace ,8,8.2,7592,,,Hanelle M. Culpepper,,Akiva Goldsman,Kirsten Beyer,Michael Chabon,James Duff,Akiva Goldsman,,,,,,,23/1/2020,31/1/2020,1:41:12,0:16:00,1:25:12,0.16,0.84,
Maps and Legends,2,1,PIC,6.5,,6,,Laris,Laris,6.25,7.3,5710,,,Hanelle M. Culpepper,,Akiva Goldsman,Michael Chabon,,,,,,,,,,31/1/2020,7/2/2020,1:49:22,,1:49:22,0:00:00,0:00:00,
The End Is the Beginning,3,1,PIC,4.5,,6.5,,Raffi,Raffi,5.5,7.4,5108,,,Hanelle M. Culpepper,,Michael Chabon,James Duff,,,,,,,,,,6/2/2020,14/2/2020,1:50:16,0:23:00,1:27:16,0.21,0.79,
Absolute Candor,4,1,PIC,4.5,,5,,Seven,Jurati,4.75,7.2,4794,,,Jonathan Frakes,,Michael Chabon,,,,,,,,,,,13/2/2020,17/2/2020,2:20:42,0:27:00,1:53:42,0.19,0.81,
Stardust City Rag,5,1,PIC,6.5,,7.8,,Raffi,Seven,7.15,6.9,4957,,,Jonathan Frakes,,Kirsten Beyer,,,,,,,,,,,20/2/2020,21/2/2020,1:52:29,0:33:00,1:19:29,0.29,0.71,
The Impossible Box,6,1,PIC,6,,7,,Hugh,Hugh,6.5,7.8,4310,,,Maja Vrvilo,,Nick Zayas,,,,,,,,,,,27/2/2020,28/2/2020,1:37:56,0:36:00,1:01:56,0.37,0.63,
Nepenthe,7,1,PIC,6.5,,8.5,,Troi-Rikers,Troi-Rikers,7.5,8.3,4799,,,Doug Aarniokoski,,Samantha Humphrey,Michael Chabon,,,,,,,,,,5/3/2020,9/3/2020,2:18:48,0:30:00,1:48:48,0.22,0.78,
Broken Pieces,8,1,PIC,9,,9,,Seven,Picard,9,7.7,4059,,,Maja Vrvilo,,Michael Chabon,,,,,,,,,,,12/3/2020,17/3/2020,2:14:07,0:41:30,1:32:37,0.31,0.69,
"Et in Arcadia Ego, Part 1",9,1,PIC,2.5,,2,,Orchids,Orchids,2.25,7.2,3875,,,Akiva Goldsman,,Michael Chabon,,,,,,,,,,,19/3/2020,20/3/2020,1:58:53,0:25:00,1:33:53,0.21,0.79,
"Et in Arcadia Ego, Part 2",10,1,PIC,7.5,,7.5,,Picard,Picard,7.5,7.6,4586,,,Akiva Goldsman,,Michael Chabon,Michael Chabon,Ayelet Waldman,Michael Chabon,Ayelet Waldman,,,,,,,26/3/2020,27/3/2020,2:04:58,0:30:00,1:34:58,0.24,0.76,
The Star Gazer,1,2,PIC,6.5,,6.5,,Jurati,Lt. Singh,6.5,8,4446,,,Doug Aarniokoski,,Akiva Goldsman,Terry Matalas,,,,,,,,,,3/3/2022,4/3/2022,1:48:18,,1:48:18,0:00:00,0:00:00,
Penance,2,2,PIC,8,,8,,Seven,Seven,8,7.9,3801,,,Doug Aarniokoski,,Michael Chabon,Akiva Goldsman,Terry Matalas,Akiva Goldsman,Terry Matalas,Christopher Monfette,,,,,,10/3/2022,11/3/2022,2:23:00,,2:23:00,0:00:00,0:00:00,
Assimilation,3,2,PIC,7.5,,7,,Jurati,Jurati,7.25,7,3384,,,Lea Thompson,,Kiley Rossetter,Christopher Monfette,,,,,,,,,,17/3/2022,18/3/2022,1:45:24,,1:45:24,0:00:00,0:00:00,
Watcher,4,2,PIC,1,,1,,Jurati,Jurati,1,6.4,3610,,,Lea Thompson,,Travis Fickett,Juliana James,,Juliana James,Jane Maggs,,,,,,,24/3/2022,25/3/2022,1:45:31,,1:45:31,0:00:00,0:00:00,
Fly Me To The Moon,5,2,PIC,3.5,,3.5,,Seven,Jurati,3.5,6.6,2972,,,Jonathan Frakes,,Cindy Appel,,,,,,,,,,,31/3/2022,1/4/2022,2:02:47,,2:02:47,0:00:00,0:00:00,
Two of One,6,2,PIC,4,,3.5,,Picard,Picard,3.75,6.1,3033,,,Jonathan Frakes,,Cindy Appel,Jane Maggs,,,,,,,,,,7/4/2022,8/4/2022,2:28:17,,2:28:17,0:00:00,0:00:00,
Monsters,7,2,PIC,3,,4,,Seven,Maurice Picard,3.5,5.4,3417,,,Joe Menendez,,Jane Maggs,,,,,,,,,,,14/4/2022,15/4/2022,2:20:05,,2:20:05,0:00:00,0:00:00,
Mercy,8,2,PIC,3.5,,4,,Guinan,Guinan,3.75,6.1,2737,,,Joe Menendez,,Cindy Appel,Kirsten Beyer,,,,,,,,,,21/4/2022,22/4/2022,2:47:03,,2:47:03,0:00:00,0:00:00,
Hide and Seek,9,2,PIC,5.5,,7,,Jurati,Jurati,6.25,5.6,3068,,,Michael Weaver,,Matt Okumura,Chris Derrick,,,,,,,,,,28/4/2022,29/4/2022,1:59:52,,1:59:52,0:00:00,0:00:00,
Farewell,10,2,PIC,6,,6,,Jurati,Jurati,6,6.8,3909,,,Michael Weaver,,Christopher Monfette,Akiva Goldsman,,,,,,,,,,5/5/2022,6/5/2022,2:24:12,,2:24:12,0:00:00,0:00:00,
The Next Generation,1,3,PIC,8.5,,8,,Seven,Seven,8.25,8.4,4939,,,Doug Aarniokoski,,Terry Matalas,,,,,,,,,,,16/2/2023,,,,0,#DIV/0!,#DIV/0!,
Disengage,2,3,PIC,5.5,,6.5,,Picard,Picard,6,8.2,3989,,,Doug Aarniokoski,,Christopher Monfette,Sean Tretta,,,,,,,,,,23/2/2023,,,,0,#DIV/0!,#DIV/0!,
Seventeen Seconds,3,3,PIC,6,,8,,J.Crusher,Seven,7,8.5,3832,,,Jonathan Frakes,,Jane Maggs,Cindy Appel,,,,,,,,,,2/3/2023,,,,0,#DIV/0!,#DIV/0!,
No Win Scenario,4,3,PIC,6.5,,8.5,,B.Crusher,B.Crusher,7.5,9.1,4226,,,Jonathan Frakes,,Terry Matalas,Sean Tretta,,,,,,,,,,9/3/2023,,,,0,#DIV/0!,#DIV/0!,
Imposters,5,3,PIC,8.5,,10,,Ro,Ro,9.25,9,3809,,,Dan Liu,,Cindy Appel,Chris Derrick,,,,,,,,,,16/3/2023,,,,0,#DIV/0!,#DIV/0!,
The Bounty,6,3,PIC,7,,7,,G.La Forge,G.La Forge,7,9.1,3775,,,Dan Liu,,Christopher Monfette,,,,,,,,,,,23/3/2023,,,,0,#DIV/0!,#DIV/0!,
Dominion,7,3,PIC,5,,6,,G. La Forge,B.Crusher,5.5,8.2,2908,,,Deborah Kampmeier,,Jane Maggs,,,,,,,,,,,30/3/2023,,,,0,#DIV/0!,#DIV/0!,
Surrender,8,3,PIC,7.5,,7,,Data,Data,7.25,8.7,3080,,,Deborah Kampmeier,,Matt Okumura,,,,,,,,,,,6/4/2023,,,,0,#DIV/0!,#DIV/0!,
Vox,9,3,PIC,8.5,,7,,Troi,B.Crusher,7.75,9.5,4857,,,Terry Matalas,,Sean Tretta,Kiley Rossetter,,,,,,,,,,13/4/2023,,,,0,#DIV/0!,#DIV/0!,
The Last Generation,10,3,PIC,9,,9,,Data,Data,9,9.5,4624,,,Terry Matalas,,Terry Matalas,,,,,,,,,,,20/4/2023,,,,0,#DIV/0!,#DIV/0!,
Strange New World,1,1,SNW,9,,8,,Pike,Pike,8.5,8.1,5338,,"exile, Pike, rescue, secret mission",Akiva Goldsman,,Akiva Goldsman,Alex Kurtzman,Jenny Lumet,Akiva Goldsman,,,,,,,,,7/5/2022,1:38:28,,1:38:28,0:00:00,0:00:00,
Children of the Comet,2,1,SNW,7,,7.5,,Uhura,Uhura,7.25,8,4219,,"ancient, alien relic, comet, inhabited planet",Maja Vrvilo,,Henry Alonso Myers,Sarah Tarkoff,,,,,,,,,,,15/5/2022,1:56:30,,1:56:30,0:00:00,0:00:00,
Ghosts of Illyria,3,1,SNW,7.5,,7.5,,Una,Una,7.5,7.7,3764,,"Una, contagion, incapacitating, secret",Leslie Hope,,Akela Cooper,Bill Wolkoff,,,,,,,,,,,20/5/2022,2:12:21,,2:12:21,0:00:00,0:00:00,
Memento Mori,4,1,SNW,9,,7,,La'an,Pike,8,8.4,3839,,"malevolent, force, attack",Dan Liu,,Davy Perez,Beau DeMayo,,,,,,,,,,,27/5/2022,2:00:29,,2:00:29,0:00:00,0:00:00,
Spock Amok,5,1,SNW,8,,8.5,,Pike,Pike,8.25,8,3763,,"Vulcan, Spock, family, negotiations, alien species",Rachel Leiterman,,Henry Alonso Myers,Robin Wasserman,,,,,,,,,,,3/6/2022,2:23:17,,2:23:17,0:00:00,0:00:00,
Lift Us Where Suffering Cannot Reach,6,1,SNW,6.5,,7.5,,Uhura,Uhura,7,7.8,3276,,"lost love, Pike, holy child, conspiracy",Andi Armaganian,,Robin Wasserman,Bill Wolkoff,,,,,,,,,,,10/6/2022,2:00:44,,2:00:44,0:00:00,0:00:00,
The Serene Squall,7,1,SNW,6,,6,,Pike,Pike,6,7.2,3601,,"dangerous, humanitarian mission, harrowing, space priate",Sydney Freeland,,Beau DeMayo,Sarah Tarkoff,,,,,,,,,,,17/6/2022,2:04:29,,2:04:29,0:00:00,0:00:00,
The Elysian Kingdom,8,1,SNW,4,,7.5,,Hemmer,Hemmer,5.75,6.1,4617,,"alien consciousness, fairy tale, trap",Amanda Row,,Akela Cooper,Onitra Johnson,,,,,,,,,,,24/6/2022,2:08:47,,2:08:47,0:00:00,0:00:00,
All Those Who Wander,9,1,SNW,5,,4,,La'an,Hemmer,4.5,8.2,3142,,"Gorn, stranded, barren planet, base under seige",Christopher J. Byrne,,Davy Perez,,,,,,,,,,,,1/7/2022,2:11:26,,2:11:26,0:00:00,0:00:00,
A Quality of Mercy,10,1,SNW,7,,7,,Kirk,Kirk,7,9.1,3568,,"Pike, destiny, future self",Chris Fisher,,Henry Alonso Myers,Akiva Goldsman,,,,,,,,,,,8/7/2022,2:16:34,,2:16:34,0:00:00,0:00:00,
The Broken Circle,1,2,SNW,4,Meh,4,Meh,Uhura,Uhura,4,,,,"distress call, steal Enterprise, Kingon, Spock, rescue mission",Chris Fisher,,Henry Alonso Myers,Akiva Goldsman,,,,,,,,,,,17/6/2023,1:47:00,0:15:00,1:32:00,0.14,0.86,
Ad Astra Per Aspera,2,2,SNW,8,Yes,8,Yes,Pike,Pike,8,,,,"court martial, trial",Valerie Weiss,,Dana Horgan,,,,,,,,,,,,24/6/2023,2:59:02,1:15:00,1:44:02,0.42,0.58,
Tomorrow and Tomorrow and Tomorrow ,3,2,SNW,3.5,No,6,Yes,La'an,La'an,4.75,,,,"time travel, 21st century, Earth, alter future",Amanda Row,,David Reed,,,,,,,,,,,,30/6/2023,2:18:05,0:57:10,1:20:55,0.41,0.59,
Among The Lotus Eaters,4,2,SNW,9,Yes,8,Yes,Ortegas,Ortegas,8.5,,,,,Eduardo Sanchez,,Kristen Beyer,Davy Perez,,,,,,,,,,,7/7/2023,2:25:05,1:03:03,1:22:02,0.43,0.57,
Charades,5,2,SNW,,,,,,,0,,,,,TBA,,Kathryn Lyn,Henry Alonso Myers,,,,,,,,,,,,,,0,#DIV/0!,#DIV/0!,
Lost In Translation,6,2,SNW,,,,,,,0,,,,,Dan Liu,,Onitra Johnson,David Reed,,,,,,,,,,,,,,0,#DIV/0!,#DIV/0!,
Those Old Scientists,7,2,SNW,,,,,,,0,,,,,Jonathan Frakes,,Kathryn Lyn,Bill Wolkoff,,,,,,,,,,,,,,0,#DIV/0!,#DIV/0!,
Under The Cloak of War,8,2,SNW,,,,,,,0,,,,,TBA,,Davy Perez,,,,,,,,,,,,,,,0,#DIV/0!,#DIV/0!,
Subspace Rhapsody,9,2,SNW,,,,,,,0,,,,,TBA,,Dana Horgan,Bill Wolkoff,,,,,,,,,,,,,,0,#DIV/0!,#DIV/0!,
Hegemony,10,2,SNW,,,,,,,0,,,,,TBA,,Henry Alonso Myers,,,,,,,,,,,,,,,0,#DIV/0!,#DIV/0!,
The Vulcan Hello,1,1,DIS,7,,3.5,,Saru,Saru,5.25,7.2,7770,,,David Semel,,,,,,,,,,,,,24/9/2017,,,,,#DIV/0!,#DIV/0!,
Battle at the Binary Stars,2,1,DIS,8.5,,6.5,,,,7.5,7.4,7022,,,Adam Kane,,,,,,,,,,,,,24/9/2017,,,,,#DIV/0!,#DIV/0!,
Context Is for Kings,3,1,DIS,7.5,,7.5,,,,7.5,7.6,6547,,,Akiva Goldsman,,,,,,,,,,,,,1/10/2017,,,,,#DIV/0!,#DIV/0!,
The Butcher's Knife Cares Not for the Lamb's Cry,4,1,DIS,6.5,,6.5,,,,6.5,7.1,5567,,,Olatunde Osunsanmi,,,,,,,,,,,,,8/10/2017,,,,,#DIV/0!,#DIV/0!,
Choose Your Plan,5,1,DIS,6,,5.5,,,,5.75,7.3,5474,,,Lee Rose,,,,,,,,,,,,,15/10/2017,,,,,#DIV/0!,#DIV/0!,
Lethe,6,1,DIS,7,,7,,,,7,7.3,5081,,,Douglas Aarniokoski,,,,,,,,,,,,,22/10/2017,,,,,#DIV/0!,#DIV/0!,
Magic to Make the Sanest Man Go Mad,7,1,DIS,8.5,,7.5,,,,8,7.5,5520,,,David M. Barret,,,,,,,,,,,,,29/10/2017,,,,,#DIV/0!,#DIV/0!,
"Si Vis Pacem, Para Bellum",8,1,DIS,5,,4,,,,4.5,6.8,4540,,,John S. Scott,,,,,,,,,,,,,5/11/2017,,,,,#DIV/0!,#DIV/0!,
Into the Forest I Go,9,1,DIS,8.5,,8,,,,8.25,7.9,4935,,,Chris Byrne,,,,,,,,,,,,,12/11/2017,,,,,#DIV/0!,#DIV/0!,
Despite Yourself,10,1,DIS,8.5,,8.5,,,,8.5,7.8,4793,,,Johnathan Frakes,,,,,,,,,,,,,7/1/2018,,,,,#DIV/0!,#DIV/0!,
The Wolf Inside,11,1,DIS,4.5,,3,,,,3.75,7.8,4349,,,T.J. Scott,,,,,,,,,,,,,14/1/2018,,,,,#DIV/0!,#DIV/0!,
Vaulting Ambition,12,1,DIS,7.5,,7,,,,7.25,8.1,4714,,,Hanelle M. Culpepper,,,,,,,,,,,,,21/1/2018,,,,,#DIV/0!,#DIV/0!,
What's Past Is Prologue,13,1,DIS,9,,9,,,,9,8.1,4504,,,Olatunde Osunsanmi,,,,,,,,,,,,,28/1/2018,,,,,#DIV/0!,#DIV/0!,
"The War Without, The War Within",14,1,DIS,4,,6,,,,5,7.4,3804,,,David Solomon,,,,,,,,,,,,,4/2/2018,,,,,#DIV/0!,#DIV/0!,
Will You Take My Hand?,15,1,DIS,6,,6.5,,,,6.25,7,4273,,,Akiva Goldsman,,,,,,,,,,,,,11/2/2018,,,,,#DIV/0!,#DIV/0!,
Brother,1,2,DIS,7.5,,6.5,,Burnham,Burnham,7,7.4,4890,,,,,,,,,,,,,,,,,23/12/2019,,,,#DIV/0!,#DIV/0!,
New Eden,2,2,DIS,5.5,,6,,Tilly,Tilly,5.75,7.8,4454,,,,,,,,,,,,,,,,,23/12/2019,,,,#DIV/0!,#DIV/0!,
Point of Light,3,2,DIS,7,,7,,Georgiou,Georgiou,7,6.5,3997,,,,,,,,,,,,,,,,,28/2/2020,,,,#DIV/0!,#DIV/0!,
An Obel for Charon,4,2,DIS,8,,8,,Burnham,Saru,8,7.2,3857,,,,,,,,,,,,,,,,,28/2/2020,,,,#DIV/0!,#DIV/0!,
Saints of Imperfection,5,2,DIS,6,,6.5,,Stamets,Stamets,6.25,6.6,3910,,,,,,,,,,,,,,,,,25/3/2020,,,,#DIV/0!,#DIV/0!,
The Sound of Thunder,6,2,DIS,9.5,,8.5,,Saru,Saru,9,7.6,3703,,,,,,,,,,,,,,,,,25/3/2020,,,,#DIV/0!,#DIV/0!,
Light and Shadows,7,2,DIS,6,,6.5,,Saru,Stamets,6.25,7.2,3321,,,,,,,,,,,,,,,,,5/4/2020,,,,#DIV/0!,#DIV/0!,
If Memory Serves,8,2,DIS,7.5,,7.5,,Pike,Pike,7.5,8.2,4030,,,,,,,,,,,,,,,,,5/4/2020,,,,#DIV/0!,#DIV/0!,
Project Daedalus,9,2,DIS,2.5,,5,,Nahn,Nahn,3.75,7.9,3658,,,,,,,,,,,,,,,,,12/5/2020,,,,#DIV/0!,#DIV/0!,
The Red Angel,10,2,DIS,5,,4,,Spock,Spock,4.5,7.2,3437,,,,,,,,,,,,,,,,,12/5/2020,,,,#DIV/0!,#DIV/0!,
Perpetual Infinity,11,2,DIS,3.5,,5,,Georgiou,Georgiou,4.25,7.2,3215,,,,,,,,,,,,,,,,,9/6/2020,,,,#DIV/0!,#DIV/0!,
Through the Valley of Shadows,12,2,DIS,6,,3,,Pike,Pike,4.5,7.5,3131,,,,,,,,,,,,,,,,,9/6/2020,,,,#DIV/0!,#DIV/0!,
"Such Sweet Sorrow, Part 1",13,2,DIS,5,,5,,Reno,Reno,5,7.3,3583,,,,,,,,,,,,,,,,,9/7/2020,,,,#DIV/0!,#DIV/0!,
"Such Sweet Sorrow, Part 2",14,2,DIS,7,,6,,Spock,Spock,6.5,8.2,4729,,,,,,,,,,,,,,,,,9/7/2020,,,,#DIV/0!,#DIV/0!,
"That Hope Is You, Part 1",1,3,DIS,,,,,,,0,7.2,4817,,,,,,,,,,,,,,,,,,,,,#DIV/0!,#DIV/0!,
Far From Home,2,3,DIS,,,,,,,0,7.1,3713,,,,,,,,,,,,,,,,,,,,,#DIV/0!,#DIV/0!,
People of Earth,3,3,DIS,,,,,,,0,7.2,3510,,,,,,,,,,,,,,,,,,,,,#DIV/0!,#DIV/0!,
Forget Me Not,4,3,DIS,,,,,,,0,6.3,4193,,,,,,,,,,,,,,,,,,,,,#DIV/0!,#DIV/0!,
Die Trying,5,3,DIS,,,,,,,0,7.3,3327,,,,,,,,,,,,,,,,,,,,,#DIV/0!,#DIV/0!,
Scavengers,6,3,DIS,,,,,,,0,6.5,3145,,,,,,,,,,,,,,,,,,,,,#DIV/0!,#DIV/0!,
Unification III,7,3,DIS,,,,,,,0,6.4,3597,,,,,,,,,,,,,,,,,,,,,#DIV/0!,#DIV/0!,
The Sanctuary,8,3,DIS,,,,,,,0,5.8,3416,,,,,,,,,,,,,,,,,,,,,#DIV/0!,#DIV/0!,
"Terra Firma, Part 1",9,3,DIS,,,,,,,0,6.4,3193,,,,,,,,,,,,,,,,,,,,,#DIV/0!,#DIV/0!,
"Terra Firma, Part 2",10,3,DIS,,,,,,,0,6.4,3140,,,,,,,,,,,,,,,,,,,,,#DIV/0!,#DIV/0!,
Su'Kal,11,3,DIS,,,,,,,0,6.2,3048,,,,,,,,,,,,,,,,,,,,,#DIV/0!,#DIV/0!,
There Is a Tide...,12,3,DIS,,,,,,,0,6.7,2877,,,,,,,,,,,,,,,,,,,,,#DIV/0!,#DIV/0!,
"That Hope Is You, Part 2",13,3,DIS,,,,,,,0,6.5,3585,,,,,,,,,,,,,,,,,,,,,#DIV/0!,#DIV/0!,
Kobayashi Maru,1,4,DIS,,,,,,,0,5.8,3423,,,,,,,,,,,,,,,,,,,,,#DIV/0!,#DIV/0!,
Anomoly,2,4,DIS,,,,,,,0,5.4,2831,,,,,,,,,,,,,,,,,,,,,#DIV/0!,#DIV/0!,
Choose to Live,3,4,DIS,,,,,,,0,5.4,2557,,,,,,,,,,,,,,,,,,,,,#DIV/0!,#DIV/0!,
All Is Possible,4,4,DIS,,,,,,,0,5.1,2760,,,,,,,,,,,,,,,,,,,,,#DIV/0!,#DIV/0!,
The Examples,5,4,DIS,4.5,,5,,Burnham,Zora,4.75,5.9,2241,,,,,,,,,,,,,,,,,27/6/2022,,,,#DIV/0!,#DIV/0!,
Stormy Weather,6,4,DIS,3,,4,,Zora,Zora,3.5,5.4,2333,,,,,,,,,,,,,,,,,21/7/2022,,,,#DIV/0!,#DIV/0!,
...But to Connect,7,4,DIS,5,,5,,Burnham,Burnham,5,5.8,2090,,,,,,,,,,,,,,,,,25/7/2022,,,,#DIV/0!,#DIV/0!,
All In,8,4,DIS,6.5,,6,,Burnham,Burnham,6.25,5.5,1819,,,,,,,,,,,,,,,,,2/8/2022,,,,#DIV/0!,#DIV/0!,
Rubicon,9,4,DIS,4.5,,4.5,,Culber,Culber,4.5,5.7,1674,,,,,,,,,,,,,,,,,11/8/2022,,,,#DIV/0!,#DIV/0!,
The Galactic Barrier,10,4,DIS,2,,2,,Stamets,Stamets,2,5.8,1699,,,,,,,,,,,,,,,,,17/8/2022,,,,#DIV/0!,#DIV/0!,
Rosetta,11,4,DIS,3,,3,,Burnham,Burnham,3,5.3,1707,,,,,,,,,,,,,,,,,2/9/2022,,,,#DIV/0!,#DIV/0!,
Species Ten-C,12,4,DIS,6.5,,7,,Burnham,Burnham,6.75,6.5,1705,,,,,,,,,,,,,,,,,7/9/2022,,,,#DIV/0!,#DIV/0!,
Coming Home,13,4,DIS,3,,3,,Stamets,Stamets,3,5.7,2313,,,,,,,,,,,,,,,,,28/9/2022,,,,#DIV/0!,#DIV/0!,
TBA,1,5,DIS,,,,,,,,,,,,,,,,,,,,,,,,,,,,,,#DIV/0!,#DIV/0!,
TBA,2,5,DIS,,,,,,,,,,,,,,,,,,,,,,,,,,,,,,#DIV/0!,#DIV/0!,
TBA,3,5,DIS,,,,,,,,,,,,,,,,,,,,,,,,,,,,,,#DIV/0!,#DIV/0!,
TBA,4,5,DIS,,,,,,,,,,,,,,,,,,,,,,,,,,,,,,#DIV/0!,#DIV/0!,
TBA,5,5,DIS,,,,,,,,,,,,,,,,,,,,,,,,,,,,,,#DIV/0!,#DIV/0!,
TBA,6,5,DIS,,,,,,,,,,,,,,,,,,,,,,,,,,,,,,#DIV/0!,#DIV/0!,
TBA,7,5,DIS,,,,,,,,,,,,,,,,,,,,,,,,,,,,,,#DIV/0!,#DIV/0!,
TBA,8,5,DIS,,,,,,,,,,,,,,,,,,,,,,,,,,,,,,#DIV/0!,#DIV/0!,
TBA,9,5,DIS,,,,,,,,,,,,,,,,,,,,,,,,,,,,,,#DIV/0!,#DIV/0!,
TBA,10,5,DIS,,,,,,,,,,,,,,,,,,,,,,,,,,,,,,#DIV/0!,#DIV/0!,
Caretaker ,1,1,VOY,8,,6,Yes,Chakotay,Chakotay,7,7.4,4019,,,,,,,,,,,,,,,,,27/3/2020,1:51:32,0:03:00,,0.03,0.97,
Parallax,3,1,VOY,7,,6,Yes,Torres,Torres,6.5,7.1,2195,,,,,,,,,,,,,,,,,26/4/2020,1:43:19,0:23:54,,0.23,0.77,
Time and Again,4,1,VOY,4,,4,,,,4,7.1,2147,,,,,,,,,,,,,,,,,,1:36:00,,,0:00:00,0:00:00,
Phage,5,1,VOY,5,,4,,,,4.5,7.1,2065,,,,,,,,,,,,,,,,,,1:30:00,,,0:00:00,0:00:00,
The Cloud,6,1,VOY,6.5,,6.5,,,,6.5,6.4,2000,,,,,,,,,,,,,,,,,,1:28:00,,,0:00:00,0:00:00,
Eye of the Needle,7,1,VOY,9,,9,,,,9,8.2,2291,,,,,,,,,,,,,,,,,,2:10:00,,,0:00:00,0:00:00,
Ex Post Facto,8,1,VOY,3,,3,,,,3,6.6,1972,,,,,,,,,,,,,,,,,,1:41:00,,,0:00:00,0:00:00,
Emanations,9,1,VOY,6,,6,,,,6,6.7,1965,,,,,,,,,,,,,,,,,,1:32:00,,,0:00:00,0:00:00,
Prime Factors,10,1,VOY,8,,7,,,,7.5,7.3,1984,,,,,,,,,,,,,,,,,,1:36:00,,,0:00:00,0:00:00,
State of Flux,11,1,VOY,6,,5,,,,5.5,7.6,1940,,,,,,,,,,,,,,,,,,2:03:00,,,0:00:00,0:00:00,
Heroes and Demons,12,1,VOY,7,,6.5,,,,6.75,6.7,1954,,,,,,,,,,,,,,,,,,1:51:00,,,0:00:00,0:00:00,
Cathexis,13,1,VOY,4.5,,4,,,,4.25,6.6,1813,,,,,,,,,,,,,,,,,,1:42:00,,,0:00:00,0:00:00,
Faces,14,1,VOY,6,,5,,,,5.5,7.2,1947,,,,,,,,,,,,,,,,,,1:45:00,,,0:00:00,0:00:00,
Jetrel,15,1,VOY,6.5,,4.5,,,,5.5,7.2,1890,,,,,,,,,,,,,,,,,,1:24:00,,,0:00:00,0:00:00,
Learning Curve,16,1,VOY,3.5,,5,,,,4.25,7,1835,,,,,,,,,,,,,,,,,,2:15:00,,,0:00:00,0:00:00,
The 37's,1,2,VOY,,,,,,,0,,,,,,,,,,,,,,,,,,,,,,,,,
Initiations,2,2,VOY,,,,,,,0,,,,,,,,,,,,,,,,,,,,,,,,,
Projections,3,2,VOY,,,,,,,0,,,,,,,,,,,,,,,,,,,,,,,,,
Elogium,4,2,VOY,,,,,,,0,,,,,,,,,,,,,,,,,,,,,,,,,
Non Sequitur,5,2,VOY,,,,,,,0,,,,,,,,,,,,,,,,,,,,,,,,,
Twisted,6,2,VOY,,,,,,,0,,,,,,,,,,,,,,,,,,,,,,,,,
Parturition,7,2,VOY,,,,,,,0,,,,,,,,,,,,,,,,,,,,,,,,,
Persistence of Vision,8,2,VOY,,,,,,,0,,,,,,,,,,,,,,,,,,,,,,,,,
Tattoo,9,2,VOY,,,,,,,0,,,,,,,,,,,,,,,,,,,,,,,,,
Cold Fire,10,2,VOY,,,,,,,0,,,,,,,,,,,,,,,,,,,,,,,,,
Maneuvers,11,2,VOY,,,,,,,0,,,,,,,,,,,,,,,,,,,,,,,,,
Resistence,12,2,VOY,,,,,,,0,,,,,,,,,,,,,,,,,,,,,,,,,
Prototype,13,2,VOY,,,,,,,0,,,,,,,,,,,,,,,,,,,,,,,,,
Alliances,14,2,VOY,,,,,,,0,,,,,,,,,,,,,,,,,,,,,,,,,
Threshold,15,2,VOY,,,,,,,0,,,,,,,,,,,,,,,,,,,,,,,,,
Meld,16,2,VOY,,,,,,,0,,,,,,,,,,,,,,,,,,,,,,,,,
Dreadnought,17,2,VOY,,,,,,,0,,,,,,,,,,,,,,,,,,,,,,,,,
Death Wish,18,2,VOY,,,,,,,0,,,,,,,,,,,,,,,,,,,,,,,,,
Lifesigns,19,2,VOY,,,,,,,0,,,,,,,,,,,,,,,,,,,,,,,,,
Investigations,20,2,VOY,,,,,,,0,,,,,,,,,,,,,,,,,,,,,,,,,
Deadlock,21,2,VOY,,,,,,,0,,,,,,,,,,,,,,,,,,,,,,,,,
Innocence,22,2,VOY,,,,,,,0,,,,,,,,,,,,,,,,,,,,,,,,,
The Thaw,23,2,VOY,,,,,,,0,,,,,,,,,,,,,,,,,,,,,,,,,
Tuvix,24,2,VOY,,,,,,,0,,,,,,,,,,,,,,,,,,,,,,,,,
Resolutions,25,2,VOY,,,,,,,0,,,,,,,,,,,,,,,,,,,,,,,,,
"Basics, Part 1",26,2,VOY,,,,,,,0,,,,,,,,,,,,,,,,,,,,,,,,,
"Basics, Part 2",1,3,VOY,,,,,,,0,,,,,,,,,,,,,,,,,,,,,,,,,
Flashback,2,3,VOY,,,,,,,0,,,,,,,,,,,,,,,,,,,,,,,,,
The Chute,3,3,VOY,,,,,,,0,,,,,,,,,,,,,,,,,,,,,,,,,
The Swarm,4,3,VOY,,,,,,,0,,,,,,,,,,,,,,,,,,,,,,,,,
False Profits,5,3,VOY,,,,,,,0,,,,,,,,,,,,,,,,,,,,,,,,,
Remember,6,3,VOY,,,,,,,0,,,,,,,,,,,,,,,,,,,,,,,,,
Sacred Ground,7,3,VOY,,,,,,,0,,,,,,,,,,,,,,,,,,,,,,,,,
"Future's End, Part 1",8,3,VOY,,,,,,,0,,,,,,,,,,,,,,,,,,,,,,,,,
"Future's End, Part 2",9,3,VOY,,,,,,,0,,,,,,,,,,,,,,,,,,,,,,,,,
Warlord,10,3,VOY,,,,,,,0,,,,,,,,,,,,,,,,,,,,,,,,,
The Q and the Grey,11,3,VOY,,,,,,,0,,,,,,,,,,,,,,,,,,,,,,,,,
Macrocosm,12,3,VOY,,,,,,,0,,,,,,,,,,,,,,,,,,,,,,,,,
Fair Trade,13,3,VOY,,,,,,,0,,,,,,,,,,,,,,,,,,,,,,,,,
Alter Ego,14,3,VOY,,,,,,,0,,,,,,,,,,,,,,,,,,,,,,,,,
Coda,15,3,VOY,,,,,,,0,,,,,,,,,,,,,,,,,,,,,,,,,
Blood Fever,16,3,VOY,,,,,,,0,,,,,,,,,,,,,,,,,,,,,,,,,
Unity,17,3,VOY,,,,,,,0,,,,,,,,,,,,,,,,,,,,,,,,,
Darkling,18,3,VOY,,,,,,,0,,,,,,,,,,,,,,,,,,,,,,,,,
Rise,19,3,VOY,,,,,,,0,,,,,,,,,,,,,,,,,,,,,,,,,
Favourite Son,20,3,VOY,,,,,,,0,,,,,,,,,,,,,,,,,,,,,,,,,
Before and After,21,3,VOY,,,,,,,0,,,,,,,,,,,,,,,,,,,,,,,,,
Real Life,22,3,VOY,,,,,,,0,,,,,,,,,,,,,,,,,,,,,,,,,
Distant Origin,23,3,VOY,,,,,,,0,,,,,,,,,,,,,,,,,,,,,,,,,
Displaced,24,3,VOY,8.5,Yes,7.5,Yes,Chakotay,Chakotay,8,7.4,,,,,,,,,,,,,,,,,,,,,,,,
Worst Case Scenario,25,3,VOY,,,,,,,0,,,,,,,,,,,,,,,,,,,,,,,,,
"Scorpion, Part 1",26,3,VOY,10,Yes,9,Yes,The Doctor,The Doctor,9.5,8.9,,,,,,,,,,,,,,,,,,14/3/2023,2:00:59,0:46:48,,,,
"Scorpion, Part 2",1,3,VOY,9,Yes,5,Yes,Janeway,Janeway,7,8.8,,,,,,,,,,,,,,,,,,21/3/2023,2:28:00,0:54:45,,,,
The Gift,2,3,VOY,6.5,Meh,5,Meh,Kes,Kes,5.75,7.9,,,,,,,,,,,,,,,,,,13/4/2023,2:18:13,0:59:00,,,,
Day of Honor,3,3,VOY,,Yes,,Yes,,,0,7.3,,,,,,,,,,,,,,,,,,30/4/2023,2:12:33,0:58:23,,,,
Nemesis,4,3,VOY,,,,,,,0,6.8,,,,,,,,,,,,,,,,,,,,,,,,
Revolusion,5,3,VOY,,,,,,,0,7.3,,,,,,,,,,,,,,,,,,,,,,,,
The Raven,6,3,VOY,,,,,,,0,7.5,,,,,,,,,,,,,,,,,,,,,,,,
Scientific Method,7,3,VOY,,,,,,,0,8,,,,,,,,,,,,,,,,,,,,,,,,
"Year of Hell, Part 1",8,3,VOY,,,,,,,0,8.7,,,,,,,,,,,,,,,,,,,,,,,,
"Year of Hell, Part 2",9,3,VOY,,,,,,,0,8.6,,,,,,,,,,,,,,,,,,,,,,,,
,10,3,VOY,,,,,,,0,,,,,,,,,,,,,,,,,,,,,,,,,
,11,3,VOY,,,,,,,,,,,,,,,,,,,,,,,,,,,,,,,,
,12,3,VOY,,,,,,,,,,,,,,,,,,,,,,,,,,,,,,,,
,13,3,VOY,,,,,,,,,,,,,,,,,,,,,,,,,,,,,,,,
,14,3,VOY,,,,,,,,,,,,,,,,,,,,,,,,,,,,,,,,
,15,3,VOY,,,,,,,,,,,,,,,,,,,,,,,,,,,,,,,,
,16,3,VOY,,,,,,,,,,,,,,,,,,,,,,,,,,,,,,,,
,17,3,VOY,,,,,,,,,,,,,,,,,,,,,,,,,,,,,,,,
,18,3,VOY,,,,,,,,,,,,,,,,,,,,,,,,,,,,,,,,
,19,3,VOY,,,,,,,,,,,,,,,,,,,,,,,,,,,,,,,,
,20,3,VOY,,,,,,,,,,,,,,,,,,,,,,,,,,,,,,,,
,21,3,VOY,,,,,,,,,,,,,,,,,,,,,,,,,,,,,,,,
,22,3,VOY,,,,,,,,,,,,,,,,,,,,,,,,,,,,,,,,
,23,3,VOY,,,,,,,,,,,,,,,,,,,,,,,,,,,,,,,,
,24,3,VOY,,,,,,,,,,,,,,,,,,,,,,,,,,,,,,,,
,25,3,VOY,,,,,,,,,,,,,,,,,,,,,,,,,,,,,,,,
,26,3,VOY,,,,,,,,,,,,,,,,,,,,,,,,,,,,,,,,